2026-04-25 16:55:03,522 DEBUG cd frappe-bench && uv venv env --seed --python python3.10
2026-04-25 16:55:06,764 LOG Getting frappe
2026-04-25 16:55:06,765 DEBUG cd frappe-bench/apps && git clone https://github.com/frappe/frappe.git --branch version-15 --depth 1 --origin upstream
2026-04-25 16:55:32,768 LOG Installing frappe
2026-04-25 16:55:32,770 DEBUG cd /home/it/Project/APC_Operations/frappe-bench && uv pip install --quiet --upgrade -e /home/it/Project/APC_Operations/frappe-bench/apps/frappe  --python /home/it/Project/APC_Operations/frappe-bench/env/bin/python
2026-04-25 16:55:38,632 DEBUG cd /home/it/Project/APC_Operations/frappe-bench/apps/frappe && yarn install --check-files
2026-04-25 16:55:48,181 DEBUG cd frappe-bench && bench build
2026-04-25 16:55:48,297 INFO /home/it/Project/APC_Operations/venv/bin/bench build
2026-04-25 16:56:05,669 LOG setting up backups
2026-04-25 16:56:05,683 LOG backups were set up
2026-04-25 16:56:05,683 INFO Bench frappe-bench initialized
2026-04-25 17:21:20,608 INFO /home/it/Project/APC_Operations/venv/bin/bench serve --port 8000 --bind 0.0.0.0
2026-04-25 17:21:26,569 INFO /home/it/Project/APC_Operations/venv/bin/bench start
2026-04-25 17:21:26,838 INFO /home/it/Project/APC_Operations/venv/bin/bench watch
2026-04-25 17:21:26,842 INFO /home/it/Project/APC_Operations/venv/bin/bench serve --port 8000
2026-04-25 17:21:26,848 INFO /home/it/Project/APC_Operations/venv/bin/bench schedule
2026-04-25 17:21:26,856 INFO /home/it/Project/APC_Operations/venv/bin/bench worker
2026-04-25 17:22:05,996 INFO /home/it/Project/APC_Operations/venv/bin/bench start
2026-04-25 17:22:06,220 INFO /home/it/Project/APC_Operations/venv/bin/bench watch
2026-04-25 17:22:06,229 INFO /home/it/Project/APC_Operations/venv/bin/bench schedule
2026-04-25 17:22:06,241 INFO /home/it/Project/APC_Operations/venv/bin/bench serve --port 8000
2026-04-25 17:22:06,256 INFO /home/it/Project/APC_Operations/venv/bin/bench worker
2026-04-25 17:22:25,930 INFO /home/it/Project/APC_Operations/venv/bin/bench new-site apc.local
2026-04-25 17:23:46,443 INFO /home/it/Project/APC_Operations/venv/bin/bench new-site apc.local
2026-04-25 17:25:13,237 INFO /home/it/Project/APC_Operations/venv/bin/bench new-site apc.local
2026-04-25 17:28:09,477 INFO /home/it/Project/APC_Operations/venv/bin/bench start
2026-04-25 17:28:09,756 INFO /home/it/Project/APC_Operations/venv/bin/bench schedule
2026-04-25 17:28:09,760 INFO /home/it/Project/APC_Operations/venv/bin/bench watch
2026-04-25 17:28:09,762 INFO /home/it/Project/APC_Operations/venv/bin/bench serve --port 8000
2026-04-25 17:28:09,766 INFO /home/it/Project/APC_Operations/venv/bin/bench worker
2026-04-25 17:39:24,745 INFO /home/it/Project/APC_Operations/venv/bin/bench use apc.local
2026-04-25 17:39:27,447 INFO /home/it/Project/APC_Operations/venv/bin/bench start
2026-04-25 17:39:27,689 INFO /home/it/Project/APC_Operations/venv/bin/bench serve --port 8000
2026-04-25 17:39:27,695 INFO /home/it/Project/APC_Operations/venv/bin/bench schedule
2026-04-25 17:39:27,704 INFO /home/it/Project/APC_Operations/venv/bin/bench worker
2026-04-25 17:39:27,717 INFO /home/it/Project/APC_Operations/venv/bin/bench watch
2026-04-25 21:40:35,382 INFO /home/it/Project/APC_Operations/venv/bin/bench start
2026-04-25 21:40:35,715 INFO /home/it/Project/APC_Operations/venv/bin/bench serve --port 8000
2026-04-25 21:40:35,740 INFO /home/it/Project/APC_Operations/venv/bin/bench watch
2026-04-25 21:40:35,757 INFO /home/it/Project/APC_Operations/venv/bin/bench schedule
2026-04-25 21:40:35,763 INFO /home/it/Project/APC_Operations/venv/bin/bench worker
2026-04-26 12:00:01,765 INFO /home/it/Project/APC_Operations/venv/bin/bench --verbose --site all backup
2026-04-26 18:00:01,156 INFO /home/it/Project/APC_Operations/venv/bin/bench --verbose --site all backup
2026-04-26 18:33:44,740 INFO /home/it/Project/APC_Operations/venv/bin/bench --site apc.local set-config developer 1
2026-04-26 18:33:50,723 INFO /home/it/Project/APC_Operations/venv/bin/bench start
2026-04-26 18:33:51,028 INFO /home/it/Project/APC_Operations/venv/bin/bench watch
2026-04-26 18:33:51,032 INFO /home/it/Project/APC_Operations/venv/bin/bench serve --port 8000
2026-04-26 18:33:51,034 INFO /home/it/Project/APC_Operations/venv/bin/bench schedule
2026-04-26 18:33:51,051 INFO /home/it/Project/APC_Operations/venv/bin/bench worker
2026-04-26 19:14:51,664 INFO /home/it/Project/APC_Operations/frappe-bench/env/bin/bench new-app apc_operations --frappe-branch version-15
2026-04-26 19:14:51,671 WARNING /home/it/Project/APC_Operations/frappe-bench/env/bin/bench new-app apc_operations --frappe-branch version-15 executed with exit code 2
2026-04-26 19:14:58,078 INFO /home/it/Project/APC_Operations/frappe-bench/env/bin/bench new-app apc_operations
2026-04-26 19:14:58,083 LOG creating new app apc_operations
2026-04-26 19:14:58,949 WARNING /home/it/Project/APC_Operations/frappe-bench/env/bin/bench new-app apc_operations executed with exit code 1
2026-04-26 19:16:25,569 INFO /home/it/Project/APC_Operations/frappe-bench/env/bin/bench new-app apc_operations
2026-04-26 19:16:25,573 LOG creating new app apc_operations
2026-04-26 19:16:26,403 WARNING /home/it/Project/APC_Operations/frappe-bench/env/bin/bench new-app apc_operations executed with exit code 1
2026-04-26 19:16:56,440 INFO /home/it/Project/APC_Operations/frappe-bench/env/bin/bench new-app apc_operations
2026-04-26 19:16:56,445 LOG creating new app apc_operations
2026-04-26 19:16:57,059 WARNING /home/it/Project/APC_Operations/frappe-bench/env/bin/bench new-app apc_operations executed with exit code 1
2026-04-26 19:19:42,080 INFO /home/it/Project/APC_Operations/frappe-bench/env/bin/bench --site apc.local install-app apc_operations
2026-04-26 19:20:09,729 INFO /home/it/Project/APC_Operations/frappe-bench/env/bin/bench --site apc.local install-app apc_operations --force
2026-04-26 19:24:14,946 INFO /home/it/Project/APC_Operations/frappe-bench/env/bin/bench --site apc.local install-app apc_operations --force
2026-04-26 19:25:09,822 INFO /home/it/Project/APC_Operations/frappe-bench/env/bin/bench --site apc.local install-app apc_operations --force
2026-04-26 19:25:29,433 INFO /home/it/Project/APC_Operations/frappe-bench/env/bin/bench --site apc.local console --command print([d.name for d in frappe.get_all('DocType', {'module': 'Shipping'}, ['name'])])
2026-04-26 19:25:37,066 INFO /home/it/Project/APC_Operations/frappe-bench/env/bin/bench --site apc.local mysql -e SELECT name FROM tabDocType WHERE module='Shipping';
2026-04-26 19:27:36,526 INFO /home/it/Project/APC_Operations/venv/bin/bench start
2026-04-26 19:27:36,790 INFO /home/it/Project/APC_Operations/venv/bin/bench serve --port 8000
2026-04-26 19:27:36,793 INFO /home/it/Project/APC_Operations/venv/bin/bench worker
2026-04-26 19:27:36,801 INFO /home/it/Project/APC_Operations/venv/bin/bench watch
2026-04-26 19:27:36,813 INFO /home/it/Project/APC_Operations/venv/bin/bench schedule
2026-04-26 19:56:39,997 INFO /home/it/Project/APC_Operations/frappe-bench/env/bin/bench start
2026-04-26 19:56:40,274 INFO /home/it/Project/APC_Operations/frappe-bench/env/bin/bench watch
2026-04-26 19:56:40,280 INFO /home/it/Project/APC_Operations/frappe-bench/env/bin/bench schedule
2026-04-26 19:56:40,288 INFO /home/it/Project/APC_Operations/frappe-bench/env/bin/bench worker
2026-04-26 19:56:40,289 INFO /home/it/Project/APC_Operations/frappe-bench/env/bin/bench serve --port 8000
2026-04-26 20:23:40,850 INFO /home/it/Project/APC_Operations/frappe-bench/env/bin/bench --site apc.local list-apps
2026-04-26 20:24:14,852 INFO /home/it/Project/APC_Operations/frappe-bench/env/bin/bench --site apc.local migrate
2026-04-26 20:24:29,979 INFO /home/it/Project/APC_Operations/frappe-bench/env/bin/bench start
2026-04-26 20:24:30,286 INFO /home/it/Project/APC_Operations/frappe-bench/env/bin/bench serve --port 8000
2026-04-26 20:24:30,301 INFO /home/it/Project/APC_Operations/frappe-bench/env/bin/bench schedule
2026-04-26 20:24:30,312 INFO /home/it/Project/APC_Operations/frappe-bench/env/bin/bench worker
2026-04-26 20:24:30,322 INFO /home/it/Project/APC_Operations/frappe-bench/env/bin/bench watch
2026-04-26 20:25:49,609 INFO /home/it/Project/APC_Operations/frappe-bench/env/bin/bench --site apc.local clear-cache
2026-04-26 20:26:02,486 INFO /home/it/Project/APC_Operations/frappe-bench/env/bin/bench start
2026-04-26 20:26:02,767 INFO /home/it/Project/APC_Operations/frappe-bench/env/bin/bench worker
2026-04-26 20:26:02,769 INFO /home/it/Project/APC_Operations/frappe-bench/env/bin/bench serve --port 8000
2026-04-26 20:26:02,791 INFO /home/it/Project/APC_Operations/frappe-bench/env/bin/bench schedule
2026-04-26 20:26:02,804 INFO /home/it/Project/APC_Operations/frappe-bench/env/bin/bench watch
2026-04-26 20:26:35,092 INFO /home/it/Project/APC_Operations/frappe-bench/env/bin/bench console
2026-04-26 20:36:33,515 INFO /home/it/Project/APC_Operations/frappe-bench/env/bin/bench start
2026-04-26 20:36:33,736 INFO /home/it/Project/APC_Operations/frappe-bench/env/bin/bench watch
2026-04-26 20:36:33,737 INFO /home/it/Project/APC_Operations/frappe-bench/env/bin/bench worker
2026-04-26 20:36:33,771 INFO /home/it/Project/APC_Operations/frappe-bench/env/bin/bench serve --port 8000
2026-04-26 20:36:33,773 INFO /home/it/Project/APC_Operations/frappe-bench/env/bin/bench schedule
2026-04-26 20:41:37,289 INFO /home/it/Project/APC_Operations/frappe-bench/env/bin/bench --site apc.local migrate
2026-04-26 20:42:49,831 INFO /home/it/Project/APC_Operations/frappe-bench/env/bin/bench start
2026-04-26 20:42:50,057 INFO /home/it/Project/APC_Operations/frappe-bench/env/bin/bench serve --port 8000
2026-04-26 20:42:50,062 INFO /home/it/Project/APC_Operations/frappe-bench/env/bin/bench watch
2026-04-26 20:42:50,100 INFO /home/it/Project/APC_Operations/frappe-bench/env/bin/bench worker
2026-04-26 20:42:50,100 INFO /home/it/Project/APC_Operations/frappe-bench/env/bin/bench schedule
2026-04-26 20:43:30,692 INFO /home/it/Project/APC_Operations/frappe-bench/env/bin/bench --site apc.local clear-cache
2026-04-26 20:43:33,465 INFO /home/it/Project/APC_Operations/frappe-bench/env/bin/bench start
2026-04-26 20:43:33,689 INFO /home/it/Project/APC_Operations/frappe-bench/env/bin/bench worker
2026-04-26 20:43:33,697 INFO /home/it/Project/APC_Operations/frappe-bench/env/bin/bench serve --port 8000
2026-04-26 20:43:33,727 INFO /home/it/Project/APC_Operations/frappe-bench/env/bin/bench schedule
2026-04-26 20:43:33,735 INFO /home/it/Project/APC_Operations/frappe-bench/env/bin/bench watch
2026-04-26 20:45:04,376 INFO /home/it/Project/APC_Operations/frappe-bench/env/bin/bench --site apc.local migrate
2026-04-26 20:46:18,090 INFO /home/it/Project/APC_Operations/frappe-bench/env/bin/bench --site apc.local migrate
2026-04-26 20:46:39,362 INFO /home/it/Project/APC_Operations/frappe-bench/env/bin/bench start
2026-04-26 20:46:39,577 INFO /home/it/Project/APC_Operations/frappe-bench/env/bin/bench serve --port 8000
2026-04-26 20:46:39,590 INFO /home/it/Project/APC_Operations/frappe-bench/env/bin/bench watch
2026-04-26 20:46:39,599 INFO /home/it/Project/APC_Operations/frappe-bench/env/bin/bench worker
2026-04-26 20:46:39,608 INFO /home/it/Project/APC_Operations/frappe-bench/env/bin/bench schedule
2026-04-26 21:07:32,287 INFO /home/it/Project/APC_Operations/frappe-bench/env/bin/bench --site apc.local clear-cache
2026-04-26 21:32:04,673 INFO /home/it/Project/APC_Operations/frappe-bench/env/bin/bench start
2026-04-26 21:32:04,889 INFO /home/it/Project/APC_Operations/frappe-bench/env/bin/bench watch
2026-04-26 21:32:04,896 INFO /home/it/Project/APC_Operations/frappe-bench/env/bin/bench worker
2026-04-26 21:32:04,924 INFO /home/it/Project/APC_Operations/frappe-bench/env/bin/bench serve --port 8000
2026-04-26 21:32:04,930 INFO /home/it/Project/APC_Operations/frappe-bench/env/bin/bench schedule
2026-04-26 22:03:35,308 INFO /home/it/Project/APC_Operations/frappe-bench/env/bin/bench --site apc.local clear-cache
2026-04-26 22:03:38,065 INFO /home/it/Project/APC_Operations/frappe-bench/env/bin/bench --site apc.local clear-cache
2026-04-26 22:03:41,210 INFO /home/it/Project/APC_Operations/frappe-bench/env/bin/bench start
2026-04-26 22:03:41,435 INFO /home/it/Project/APC_Operations/frappe-bench/env/bin/bench watch
2026-04-26 22:03:41,440 INFO /home/it/Project/APC_Operations/frappe-bench/env/bin/bench schedule
2026-04-26 22:03:41,446 INFO /home/it/Project/APC_Operations/frappe-bench/env/bin/bench serve --port 8000
2026-04-26 22:03:41,450 INFO /home/it/Project/APC_Operations/frappe-bench/env/bin/bench worker
2026-04-26 22:09:53,840 INFO /home/it/Project/APC_Operations/frappe-bench/env/bin/bench --site apc.local migrate
2026-04-26 22:10:06,695 INFO /home/it/Project/APC_Operations/frappe-bench/env/bin/bench start
2026-04-26 22:10:06,929 INFO /home/it/Project/APC_Operations/frappe-bench/env/bin/bench serve --port 8000
2026-04-26 22:10:06,930 INFO /home/it/Project/APC_Operations/frappe-bench/env/bin/bench schedule
2026-04-26 22:10:06,944 INFO /home/it/Project/APC_Operations/frappe-bench/env/bin/bench watch
2026-04-26 22:10:06,945 INFO /home/it/Project/APC_Operations/frappe-bench/env/bin/bench worker
2026-04-26 22:19:05,697 INFO /home/it/Project/APC_Operations/frappe-bench/env/bin/bench --site apc.local migrate
2026-04-26 22:25:25,432 INFO /home/it/Project/APC_Operations/frappe-bench/env/bin/bench --site apc.local clear-cache
2026-04-26 22:25:26,507 INFO /home/it/Project/APC_Operations/frappe-bench/env/bin/bench --site apc.local clear-website-cache
2026-04-26 22:27:57,376 INFO /home/it/Project/APC_Operations/frappe-bench/env/bin/bench --site apc.local build
2026-04-26 22:40:08,100 INFO /home/it/Project/APC_Operations/frappe-bench/env/bin/bench --site apc.local clear-cache
2026-04-26 22:44:17,615 INFO /home/it/Project/APC_Operations/frappe-bench/env/bin/bench start
2026-04-26 22:44:17,841 INFO /home/it/Project/APC_Operations/frappe-bench/env/bin/bench schedule
2026-04-26 22:44:17,846 INFO /home/it/Project/APC_Operations/frappe-bench/env/bin/bench serve --port 8000
2026-04-26 22:44:17,855 INFO /home/it/Project/APC_Operations/frappe-bench/env/bin/bench watch
2026-04-26 22:44:17,869 INFO /home/it/Project/APC_Operations/frappe-bench/env/bin/bench worker
2026-04-26 23:08:49,375 INFO /home/it/Project/APC_Operations/frappe-bench/env/bin/bench --site apc.local clear-cache
2026-04-26 23:08:56,729 INFO /home/it/Project/APC_Operations/frappe-bench/env/bin/bench --site apc.local migrate
2026-04-26 23:09:05,806 INFO /home/it/Project/APC_Operations/frappe-bench/env/bin/bench start
2026-04-26 23:09:06,063 INFO /home/it/Project/APC_Operations/frappe-bench/env/bin/bench worker
2026-04-26 23:09:06,074 INFO /home/it/Project/APC_Operations/frappe-bench/env/bin/bench serve --port 8000
2026-04-26 23:09:06,088 INFO /home/it/Project/APC_Operations/frappe-bench/env/bin/bench schedule
2026-04-26 23:09:06,100 INFO /home/it/Project/APC_Operations/frappe-bench/env/bin/bench watch
2026-04-26 23:09:09,239 INFO /home/it/Project/APC_Operations/frappe-bench/env/bin/bench --site apc.local migrate
2026-04-26 23:09:15,350 INFO /home/it/Project/APC_Operations/frappe-bench/env/bin/bench --site apc.local clear-cache
2026-04-26 23:09:22,262 INFO /home/it/Project/APC_Operations/frappe-bench/env/bin/bench restart
2026-04-26 23:09:42,009 INFO /home/it/Project/APC_Operations/frappe-bench/env/bin/bench --site apc.local clear-cache
2026-04-27 00:00:01,638 INFO /home/it/Project/APC_Operations/venv/bin/bench --verbose --site all backup
2026-04-27 00:32:36,982 INFO /home/it/Project/APC_Operations/frappe-bench/env/bin/bench --site apc.local console
2026-04-27 00:33:19,883 INFO /home/it/Project/APC_Operations/frappe-bench/env/bin/bench clear-cache
2026-04-27 00:33:24,121 INFO /home/it/Project/APC_Operations/frappe-bench/env/bin/bench start
2026-04-27 00:33:24,407 INFO /home/it/Project/APC_Operations/frappe-bench/env/bin/bench schedule
2026-04-27 00:33:24,411 INFO /home/it/Project/APC_Operations/frappe-bench/env/bin/bench watch
2026-04-27 00:33:24,414 INFO /home/it/Project/APC_Operations/frappe-bench/env/bin/bench serve --port 8000
2026-04-27 00:33:24,423 INFO /home/it/Project/APC_Operations/frappe-bench/env/bin/bench worker
2026-04-27 00:41:33,776 INFO /home/it/Project/APC_Operations/frappe-bench/env/bin/bench export-fixtures
2026-04-27 01:16:53,163 INFO /home/it/Project/APC_Operations/frappe-bench/env/bin/bench export-fixtures
2026-04-27 01:20:34,589 INFO /home/it/Project/APC_Operations/frappe-bench/env/bin/bench export-fixtures
2026-04-27 08:56:54,571 INFO /home/it/Project/APC_Operations/frappe-bench/env/bin/bench start
2026-04-27 08:56:54,859 INFO /home/it/Project/APC_Operations/frappe-bench/env/bin/bench watch
2026-04-27 08:56:54,874 INFO /home/it/Project/APC_Operations/frappe-bench/env/bin/bench worker
2026-04-27 08:56:54,888 INFO /home/it/Project/APC_Operations/frappe-bench/env/bin/bench serve --port 8000
2026-04-27 08:56:54,888 INFO /home/it/Project/APC_Operations/frappe-bench/env/bin/bench schedule
2026-04-27 10:56:31,508 INFO /home/it/Project/APC_Operations/frappe-bench/env/bin/bench --site apc.local console
2026-04-27 11:53:11,506 INFO /home/it/Project/APC_Operations/frappe-bench/env/bin/bench --site apc.local migrate
2026-04-27 11:53:42,500 INFO /home/it/Project/APC_Operations/frappe-bench/env/bin/bench start
2026-04-27 11:53:42,856 INFO /home/it/Project/APC_Operations/frappe-bench/env/bin/bench serve --port 8000
2026-04-27 11:53:42,858 INFO /home/it/Project/APC_Operations/frappe-bench/env/bin/bench schedule
2026-04-27 11:53:42,866 INFO /home/it/Project/APC_Operations/frappe-bench/env/bin/bench worker
2026-04-27 11:53:42,871 INFO /home/it/Project/APC_Operations/frappe-bench/env/bin/bench watch
2026-04-27 12:00:01,954 INFO /home/it/Project/APC_Operations/venv/bin/bench --verbose --site all backup
2026-04-27 12:10:33,466 INFO /home/it/Project/APC_Operations/frappe-bench/env/bin/bench --site apc.local migrate
2026-04-27 12:10:44,961 INFO /home/it/Project/APC_Operations/frappe-bench/env/bin/bench start
2026-04-27 12:10:45,344 INFO /home/it/Project/APC_Operations/frappe-bench/env/bin/bench watch
2026-04-27 12:10:45,363 INFO /home/it/Project/APC_Operations/frappe-bench/env/bin/bench serve --port 8000
2026-04-27 12:10:45,366 INFO /home/it/Project/APC_Operations/frappe-bench/env/bin/bench worker
2026-04-27 12:10:45,373 INFO /home/it/Project/APC_Operations/frappe-bench/env/bin/bench schedule
2026-04-27 12:11:06,624 INFO env/bin/bench --site apc.localhost migrate
2026-04-27 12:11:28,026 INFO env/bin/bench --site apc.localhost migrate
2026-04-27 12:11:41,649 INFO env/bin/bench --site apc.local migrate
2026-04-27 12:44:17,185 INFO env/bin/bench --site apc.local clear-cache
2026-04-27 12:44:30,940 INFO env/bin/bench --site apc.local execute frappe.reload_doc --args ['Shipping', 'Workspace', 'Shipping']
2026-04-27 12:44:37,734 INFO env/bin/bench --site apc.local execute frappe.reload_doc --args ['Shipping', 'Number Card', 'Pending CROs']
2026-04-27 12:44:38,309 INFO env/bin/bench --site apc.local execute frappe.reload_doc --args ['Shipping', 'Number Card', 'Pending Pull Outs']
2026-04-27 12:44:38,888 INFO env/bin/bench --site apc.local execute frappe.reload_doc --args ['Shipping', 'Number Card', 'Upcoming Cutoffs']
2026-04-27 12:44:39,484 INFO env/bin/bench --site apc.local execute frappe.reload_doc --args ['Shipping', 'Number Card', 'DG Pending Approval']
2026-04-27 12:44:45,523 INFO env/bin/bench --site apc.local execute frappe.reload_doc --args ['Shipping', 'DocType', 'Shipping Booking']
2026-04-27 12:44:46,195 INFO env/bin/bench --site apc.local execute frappe.reload_doc --args ['Shipping', 'DocType', 'Transport Schedule']
2026-04-27 12:44:46,792 INFO env/bin/bench --site apc.local execute frappe.reload_doc --args ['Shipping', 'DocType', 'Security Dispatch']
2026-04-27 12:44:53,204 INFO env/bin/bench --site apc.local migrate
2026-04-27 12:45:25,694 INFO env/bin/bench --site apc.local execute frappe.db.get_value --args ['Workspace', 'Shipping', ['label', 'modified']]
2026-04-27 12:45:32,958 INFO env/bin/bench --site apc.local execute frappe.db.sql --args "SELECT name, label, modified FROM `tabWorkspace` WHERE module = 'Shipping'" --kwargs {'as_dict': True}
2026-04-27 12:45:53,208 INFO env/bin/bench --site apc.local execute frappe.reload_doc --args ['Shipping', 'Workspace', 'Shipping', true]
2026-04-27 12:48:43,038 INFO env/bin/bench --site apc.local console
2026-04-27 12:48:57,313 INFO env/bin/bench --site apc.local console
2026-04-27 12:49:09,013 INFO env/bin/bench --site apc.local clear-cache
2026-04-27 12:49:10,733 INFO env/bin/bench --site apc.local clear-website-cache
2026-04-27 13:01:51,010 INFO env/bin/bench --site apc.local clear-cache
2026-04-27 13:34:06,631 INFO /home/it/Project/APC_Operations/frappe-bench/env/bin/bench start
2026-04-27 13:34:06,941 INFO /home/it/Project/APC_Operations/frappe-bench/env/bin/bench schedule
2026-04-27 13:34:06,955 INFO /home/it/Project/APC_Operations/frappe-bench/env/bin/bench watch
2026-04-27 13:34:06,956 INFO /home/it/Project/APC_Operations/frappe-bench/env/bin/bench worker
2026-04-27 13:34:06,961 INFO /home/it/Project/APC_Operations/frappe-bench/env/bin/bench serve --port 8000
2026-04-27 13:52:14,691 INFO ./env/bin/bench --site apc.localhost migrate
2026-04-27 13:52:53,718 INFO ./env/bin/bench --site apc.local migrate
2026-04-27 13:53:15,692 INFO ./env/bin/bench --site apc.local build --app apc_operations
2026-04-27 13:54:16,582 INFO /home/it/Project/APC_Operations/frappe-bench/env/bin/bench start
2026-04-27 13:54:16,844 INFO /home/it/Project/APC_Operations/frappe-bench/env/bin/bench serve --port 8000
2026-04-27 13:54:16,854 INFO /home/it/Project/APC_Operations/frappe-bench/env/bin/bench worker
2026-04-27 13:54:16,862 INFO /home/it/Project/APC_Operations/frappe-bench/env/bin/bench watch
2026-04-27 13:54:16,866 INFO /home/it/Project/APC_Operations/frappe-bench/env/bin/bench schedule
2026-04-27 14:03:13,792 INFO /home/it/Project/APC_Operations/frappe-bench/env/bin/bench --site apc.local import-doc apps/apc_operations/apc_operations/shipping/workspace/shipping/shipping.json
2026-04-27 14:03:19,684 INFO /home/it/Project/APC_Operations/frappe-bench/env/bin/bench start
2026-04-27 14:03:19,944 INFO /home/it/Project/APC_Operations/frappe-bench/env/bin/bench worker
2026-04-27 14:03:19,950 INFO /home/it/Project/APC_Operations/frappe-bench/env/bin/bench schedule
2026-04-27 14:03:19,952 INFO /home/it/Project/APC_Operations/frappe-bench/env/bin/bench watch
2026-04-27 14:03:19,966 INFO /home/it/Project/APC_Operations/frappe-bench/env/bin/bench serve --port 8000
2026-04-27 14:05:57,518 INFO ./env/bin/bench --site apc.local import-doc apps/apc_operations/apc_operations/shipping/workspace/shipping/shipping.json
2026-04-27 14:07:30,737 INFO ./env/bin/bench --site apc.local import-doc --force apps/apc_operations/apc_operations/shipping/workspace/shipping/shipping.json
2026-04-27 14:07:36,958 INFO ./env/bin/bench --site apc.local execute frappe.utils.fixtures.sync_fixtures --kwargs {'app': 'apc_operations'}
2026-04-27 14:07:44,753 INFO ./env/bin/bench --site apc.local execute frappe.desk.doctype.workspace.workspace.update_page --kwargs {"name": "Shipping"}
2026-04-27 14:08:00,051 INFO ./env/bin/bench --site apc.local execute frappe.db.set_value --args ["Workspace", "Shipping", "shortcuts", "[{\"color\": \"Purple\", \"label\": \"Shipping Dashboard\", \"link_to\": \"shipping-dashboard\", \"type\": \"Page\"}, {\"color\": \"Blue\", \"doc_view\": \"List\", \"format\": \"{count} Pending\", \"label\": \"Create Booking\", \"link_to\": \"Shipping Booking\", \"stats_filter\": \"[[\\\\\"Shipping Booking\\\\\",\\\\\"booking_status\\\\\",\\\\\"=\\\\\",\\\\\"Draft\\\\\",false]]\", \"type\": \"DocType\"}, {\"color\": \"Green\", \"doc_view\": \"List\", \"format\": \"{count} Awaiting CRO\", \"label\": \"Pending CRO\", \"link_to\": \"Shipping Booking\", \"stats_filter\": \"[[\\\\\"Shipping Booking\\\\\",\\\\\"cro_status\\\\\",\\\\\"=\\\\\",\\\\\"Pending\\\\\",false]]\", \"type\": \"DocType\"}, {\"color\": \"Orange\", \"doc_view\": \"List\", \"format\": \"{count} Scheduled\", \"label\": \"Generate Transport\", \"link_to\": \"Transport Schedule\", \"stats_filter\": \"[[\\\\\"Transport Schedule\\\\\",\\\\\"transport_status\\\\\",\\\\\"in\\\\\",[\\\\\"Scheduled\\\\\",\\\\\"Pending\\\\\"],false]]\", \"type\": \"DocType\"}, {\"color\": \"Cyan\", \"doc_view\": \"List\", \"format\": \"{count} In Transit\", \"label\": \"View Shipments\", \"link_to\": \"Shipping Booking\", \"stats_filter\": \"[[\\\\\"Shipping Booking\\\\\",\\\\\"transport_status\\\\\",\\\\\"in\\\\\",[\\\\\"In Progress\\\\\",\\\\\"Scheduled\\\\\"],false]]\", \"type\": \"DocType\"}]"]
2026-04-27 14:08:35,024 INFO ./env/bin/bench --site apc.local execute update_workspace.update_workspace --profile update_workspace
2026-04-27 14:08:35,485 INFO ./env/bin/bench --site apc.local run-script update_workspace.py
2026-04-27 14:08:49,554 INFO ./env/bin/bench --site apc.local console
2026-04-27 14:36:10,624 INFO ./env/bin/bench --site apc.local build --app apc_operations
2026-04-27 14:45:41,433 INFO ./env/bin/bench --site apc.local execute frappe.db.get_all --args ["DocType"] --kwargs {"filters": {"name": ["like", "%Job%"]}, "fields": ["name", "module"]}
2026-04-27 14:47:41,948 INFO ./env/bin/bench --site apc.local execute frappe.get_meta --args ["Job order"]
2026-04-27 14:57:13,217 INFO ./env/bin/bench --site apc.local migrate
2026-04-27 14:57:36,125 INFO ./env/bin/bench --site apc.local build --app apc_operations
2026-04-27 15:03:16,332 INFO ./env/bin/bench --site apc.local build --app apc_operations
2026-04-27 15:17:25,438 INFO /home/it/Project/APC_Operations/frappe-bench/env/bin/bench --site apc.local migrate
2026-04-27 15:18:36,996 INFO ./env/bin/bench --site apc.local execute frappe.db.get_all --args ["DocType"] --kwargs {"filters": {"name": ["like", "%Job%"]}, "fields": ["name"]}
2026-04-27 15:18:51,069 INFO ./env/bin/bench --site apc.local import-doc apps/apc_operations/apc_operations/shipping/doctype/job_order/job_order.json
2026-04-27 15:18:59,648 INFO ./env/bin/bench --site apc.local set-config developer_mode 1
2026-04-27 15:19:00,226 INFO ./env/bin/bench --site apc.local migrate
2026-04-27 15:27:27,692 INFO ./env/bin/bench --site apc.local execute frappe.db.get_all --args ["Module Def"] --kwargs {"filters": {"app_name": "apc_operations"}, "fields": ["name", "app_name"]}
2026-04-27 15:38:00,141 INFO ./env/bin/bench --site apc.local console
2026-04-27 15:38:12,549 INFO ./env/bin/bench --site apc.local console
2026-04-27 15:39:09,808 INFO ./env/bin/bench --site apc.local migrate
2026-04-27 15:39:47,331 INFO ./env/bin/bench --site apc.local execute frappe.db.get_all --args ["DocType"] --kwargs {"filters": {"name": ["like", "%Job%"]}, "fields": ["name", "module"]}
2026-04-27 15:42:52,824 INFO /home/it/Project/APC_Operations/frappe-bench/env/bin/bench start
2026-04-27 15:42:53,137 INFO /home/it/Project/APC_Operations/frappe-bench/env/bin/bench worker
2026-04-27 15:42:53,165 INFO /home/it/Project/APC_Operations/frappe-bench/env/bin/bench watch
2026-04-27 15:42:53,166 INFO /home/it/Project/APC_Operations/frappe-bench/env/bin/bench schedule
2026-04-27 15:42:53,170 INFO /home/it/Project/APC_Operations/frappe-bench/env/bin/bench serve --port 8000
2026-04-27 16:01:59,625 INFO ./env/bin/bench --site apc.local migrate
2026-04-27 16:13:32,146 INFO /home/it/Project/APC_Operations/frappe-bench/env/bin/bench start
2026-04-27 16:13:32,422 INFO /home/it/Project/APC_Operations/frappe-bench/env/bin/bench schedule
2026-04-27 16:13:32,424 INFO /home/it/Project/APC_Operations/frappe-bench/env/bin/bench watch
2026-04-27 16:13:32,432 INFO /home/it/Project/APC_Operations/frappe-bench/env/bin/bench serve --port 8000
2026-04-27 16:13:32,445 INFO /home/it/Project/APC_Operations/frappe-bench/env/bin/bench worker
2026-04-27 16:13:49,502 INFO ./env/bin/bench --site apc.local clear-cache
2026-04-27 16:15:01,562 INFO ./env/bin/bench start
2026-04-27 16:15:01,888 WARNING ./env/bin/bench start executed with exit code 1
2026-04-27 16:19:36,496 INFO ./env/bin/bench serve --port 8000
2026-04-27 16:20:25,052 INFO /home/it/Project/APC_Operations/frappe-bench/env/bin/bench start
2026-04-27 16:20:25,305 INFO /home/it/Project/APC_Operations/frappe-bench/env/bin/bench serve --port 8000
2026-04-27 16:20:25,309 INFO /home/it/Project/APC_Operations/frappe-bench/env/bin/bench watch
2026-04-27 16:20:25,313 INFO /home/it/Project/APC_Operations/frappe-bench/env/bin/bench schedule
2026-04-27 16:20:25,323 INFO /home/it/Project/APC_Operations/frappe-bench/env/bin/bench worker
2026-04-27 16:21:20,265 INFO ./env/bin/bench serve --port 8000
2026-04-27 16:32:45,057 INFO /home/it/Project/APC_Operations/frappe-bench/env/bin/bench --site apc.local migrate
2026-04-27 16:32:48,659 INFO /home/it/Project/APC_Operations/frappe-bench/env/bin/bench --site apc.local clear-cache
2026-04-27 16:46:42,443 INFO /home/it/Project/APC_Operations/frappe-bench/env/bin/bench start
2026-04-27 16:46:42,921 INFO /home/it/Project/APC_Operations/frappe-bench/env/bin/bench serve --port 8000
2026-04-27 16:46:42,923 INFO /home/it/Project/APC_Operations/frappe-bench/env/bin/bench watch
2026-04-27 16:46:42,930 INFO /home/it/Project/APC_Operations/frappe-bench/env/bin/bench worker
2026-04-27 16:46:42,931 INFO /home/it/Project/APC_Operations/frappe-bench/env/bin/bench schedule
2026-04-28 08:55:07,962 INFO /home/it/Project/APC_Operations/frappe-bench/env/bin/bench start
2026-04-28 08:55:08,251 INFO /home/it/Project/APC_Operations/frappe-bench/env/bin/bench schedule
2026-04-28 08:55:08,257 INFO /home/it/Project/APC_Operations/frappe-bench/env/bin/bench worker
2026-04-28 08:55:08,260 INFO /home/it/Project/APC_Operations/frappe-bench/env/bin/bench serve --port 8000
2026-04-28 08:55:08,262 INFO /home/it/Project/APC_Operations/frappe-bench/env/bin/bench watch
2026-04-28 09:02:46,763 INFO /home/it/Project/APC_Operations/frappe-bench/env/bin/bench --site apc.local console
2026-04-28 09:06:38,935 INFO /home/it/Project/APC_Operations/frappe-bench/env/bin/bench --site apc.local clear-cache
2026-04-28 09:06:40,060 INFO /home/it/Project/APC_Operations/frappe-bench/env/bin/bench --site apc.local migrate
2026-04-28 09:06:50,480 INFO /home/it/Project/APC_Operations/frappe-bench/env/bin/bench start
2026-04-28 09:06:50,758 INFO /home/it/Project/APC_Operations/frappe-bench/env/bin/bench schedule
2026-04-28 09:06:50,761 INFO /home/it/Project/APC_Operations/frappe-bench/env/bin/bench watch
2026-04-28 09:06:50,765 INFO /home/it/Project/APC_Operations/frappe-bench/env/bin/bench serve --port 8000
2026-04-28 09:06:50,769 INFO /home/it/Project/APC_Operations/frappe-bench/env/bin/bench worker
2026-04-28 09:14:00,937 INFO /home/it/Project/APC_Operations/frappe-bench/env/bin/bench --site apc.local console
2026-04-28 09:14:22,044 INFO /home/it/Project/APC_Operations/frappe-bench/env/bin/bench --site apc.local clear-cache
2026-04-28 09:14:23,194 INFO /home/it/Project/APC_Operations/frappe-bench/env/bin/bench --site apc.local migrate
2026-04-28 09:14:31,573 INFO /home/it/Project/APC_Operations/frappe-bench/env/bin/bench start
2026-04-28 09:14:31,834 INFO /home/it/Project/APC_Operations/frappe-bench/env/bin/bench schedule
2026-04-28 09:14:31,836 INFO /home/it/Project/APC_Operations/frappe-bench/env/bin/bench serve --port 8000
2026-04-28 09:14:31,841 INFO /home/it/Project/APC_Operations/frappe-bench/env/bin/bench watch
2026-04-28 09:14:31,872 INFO /home/it/Project/APC_Operations/frappe-bench/env/bin/bench worker
2026-04-28 10:30:19,528 INFO /home/it/Project/APC_Operations/frappe-bench/env/bin/bench migrate
2026-04-28 10:30:26,858 INFO /home/it/Project/APC_Operations/frappe-bench/env/bin/bench clear-cache
2026-04-28 10:30:39,064 INFO /home/it/Project/APC_Operations/frappe-bench/env/bin/bench start
2026-04-28 10:30:39,353 INFO /home/it/Project/APC_Operations/frappe-bench/env/bin/bench worker
2026-04-28 10:30:39,358 INFO /home/it/Project/APC_Operations/frappe-bench/env/bin/bench serve --port 8000
2026-04-28 10:30:39,377 INFO /home/it/Project/APC_Operations/frappe-bench/env/bin/bench watch
2026-04-28 10:30:39,378 INFO /home/it/Project/APC_Operations/frappe-bench/env/bin/bench schedule
2026-04-28 12:00:02,130 INFO /home/it/Project/APC_Operations/venv/bin/bench --verbose --site all backup
2026-04-28 13:14:16,336 INFO /home/it/Project/APC_Operations/frappe-bench/env/bin/bench migrate
2026-04-28 13:14:35,978 INFO /home/it/Project/APC_Operations/frappe-bench/env/bin/bench start
2026-04-28 13:14:36,277 INFO /home/it/Project/APC_Operations/frappe-bench/env/bin/bench watch
2026-04-28 13:14:36,282 INFO /home/it/Project/APC_Operations/frappe-bench/env/bin/bench serve --port 8000
2026-04-28 13:14:36,300 INFO /home/it/Project/APC_Operations/frappe-bench/env/bin/bench schedule
2026-04-28 13:14:36,305 INFO /home/it/Project/APC_Operations/frappe-bench/env/bin/bench worker
2026-04-28 13:14:43,207 INFO /home/it/Project/APC_Operations/frappe-bench/env/bin/bench migrate
2026-04-28 13:14:50,150 INFO /home/it/Project/APC_Operations/frappe-bench/env/bin/bench clear-cache
2026-04-28 13:30:27,166 INFO ./env/bin/bench --site apc.local execute frappe.db.get_value --args ["Workspace", "Transportation", ["name", "content", "modified"]]
2026-04-28 13:30:39,264 INFO ./env/bin/bench --site apc.local execute frappe.db.get_value --args ["Workspace", "Transportation", ["name", "content", "modified"]]
2026-04-28 13:30:56,852 INFO ./env/bin/bench --site apc.local execute frappe.db.exists --args ["DocType", "Transport PO Request"]
2026-04-28 13:30:57,665 INFO ./env/bin/bench --site apc.local execute frappe.db.exists --args ["DocType", "Security Draft Delivery Note"]
2026-04-28 13:30:58,422 INFO ./env/bin/bench --site apc.local execute frappe.db.exists --args ["Number Card", "PO Requests Pending Payables"]
2026-04-28 13:30:57,718 INFO ./env/bin/bench --site apc.local execute frappe.db.exists --args ["Workspace", "Security"]
2026-04-28 13:31:38,688 INFO ./env/bin/bench --site apc.local import-doc --force apps/apc_operations/apc_operations/shipping/workspace/transportation/transportation.json
2026-04-28 13:31:48,372 INFO ./env/bin/bench --site apc.local import-doc apps/apc_operations/apc_operations/shipping/workspace/transportation/transportation.json
2026-04-28 13:31:49,576 INFO ./env/bin/bench --site apc.local import-doc apps/apc_operations/apc_operations/shipping/workspace/security/security.json
2026-04-28 13:31:50,699 INFO ./env/bin/bench --site apc.local clear-cache
2026-04-28 13:32:29,105 INFO ./env/bin/bench --site apc.local execute frappe.db.get_value --args ["Workspace", "Transportation", ["content", "modified"]]
2026-04-28 13:35:08,639 INFO ./env/bin/bench --site apc.local execute frappe.desk.desktop.get_desktop_page --kwargs 
2026-04-28 13:35:26,002 INFO ./env/bin/bench --site apc.local execute frappe.get_doc --args [\"Workspace\", \"Transportation\"]
2026-04-28 13:35:26,495 INFO ./env/bin/bench --site apc.local execute frappe.desk.desktop.get_desktop_page --kwargs {"page": "{}"}
2026-04-28 13:35:37,575 INFO ./env/bin/bench --site apc.local clear-website-cache
2026-04-28 13:35:38,645 INFO ./env/bin/bench --site apc.local execute frappe.db.get_value --args ["Workspace", "Transportation", "content"]
2026-04-28 13:44:49,654 INFO ./env/bin/bench --site apc.local import-doc apps/apc_operations/apc_operations/fixtures/custom_html_block.json
2026-04-28 13:44:50,722 INFO ./env/bin/bench --site apc.local import-doc apps/apc_operations/apc_operations/shipping/workspace/transportation/transportation.json
2026-04-28 13:44:51,874 INFO ./env/bin/bench --site apc.local clear-cache
2026-04-28 13:44:53,166 INFO ./env/bin/bench --site apc.local clear-website-cache
2026-04-28 13:45:04,496 INFO ./env/bin/bench --site apc.local execute frappe.db.exists --args ["Custom HTML Block", "Transportation Dashboard"]
2026-04-28 13:45:05,056 INFO ./env/bin/bench --site apc.local execute frappe.db.get_value --args ["Workspace", "Transportation", "content"]
2026-04-28 13:45:05,669 INFO ./env/bin/bench --site apc.local execute apc_operations.shipping.api.get_transportation_dashboard_data
2026-04-28 13:45:19,872 INFO ./env/bin/bench --site apc.local execute frappe.get_doc --args [\"Workspace\", \"Transportation\"]
2026-04-28 13:45:20,577 INFO ./env/bin/bench --site apc.local execute frappe.desk.desktop.get_desktop_page --kwargs {"page": "{}"}
2026-04-28 14:04:59,095 INFO ./env/bin/bench --site apc.local execute frappe.get_meta --args ["Job Order"]
2026-04-28 14:05:34,909 INFO ./env/bin/bench --site apc.local clear-cache
2026-04-28 14:05:50,402 INFO ./env/bin/bench --site apc.local execute frappe.desk.notifications.get_open_count --kwargs {"doctype":"Job Order","name":"JO-2026-00012","items":"[\"Shipping Booking\",\"Transport Schedule\"]"}
2026-04-28 14:15:30,932 INFO ./env/bin/bench --site apc.localhost migrate
2026-04-28 14:24:43,465 INFO ./env/bin/bench --site apc.localhost migrate
2026-04-28 14:24:58,510 INFO ./env/bin/bench --site apc.local migrate
2026-04-28 14:40:54,416 INFO ./env/bin/bench --site apc.local migrate
2026-04-28 15:12:28,748 INFO /home/it/Project/APC_Operations/venv/bin/bench --site apc.localhost import-fixtures --app apc_operations
2026-04-28 15:12:44,801 INFO /home/it/Project/APC_Operations/venv/bin/bench --site apc.localhost import-fixtures --app apc_operations
2026-04-28 15:13:48,434 INFO /home/it/Project/APC_Operations/venv/bin/bench --site apc.localhost execute frappe.utils.fixtures.import_fixtures --args ['apc_operations']
2026-04-28 15:14:18,042 INFO /home/it/Project/APC_Operations/venv/bin/bench --site apc.local execute frappe.utils.fixtures.import_fixtures --args ['apc_operations']
2026-04-28 15:14:30,109 INFO /home/it/Project/APC_Operations/venv/bin/bench --site apc.local execute frappe.db.get_value --args ['Custom HTML Block', 'Transportation Dashboard', 'script']
2026-04-28 15:14:56,102 INFO /home/it/Project/APC_Operations/venv/bin/bench --site apc.local execute frappe.db.get_value --args ['Custom HTML Block', 'Transportation Dashboard', 'style']
2026-04-28 15:15:02,802 INFO /home/it/Project/APC_Operations/venv/bin/bench --site apc.local clear-cache
2026-04-28 16:57:37,491 INFO /home/it/Project/APC_Operations/frappe-bench/env/bin/bench console
2026-04-28 16:59:24,834 INFO /home/it/Project/APC_Operations/frappe-bench/env/bin/bench --site apc.local clear-cache
2026-04-28 16:59:27,829 INFO /home/it/Project/APC_Operations/frappe-bench/env/bin/bench start
2026-04-28 16:59:28,200 INFO /home/it/Project/APC_Operations/frappe-bench/env/bin/bench serve --port 8000
2026-04-28 16:59:28,201 INFO /home/it/Project/APC_Operations/frappe-bench/env/bin/bench worker
2026-04-28 16:59:28,205 INFO /home/it/Project/APC_Operations/frappe-bench/env/bin/bench watch
2026-04-28 16:59:28,214 INFO /home/it/Project/APC_Operations/frappe-bench/env/bin/bench schedule
2026-04-28 17:48:46,428 INFO ./env/bin/bench --site apc.localhost migrate
2026-04-28 17:48:56,618 INFO ./env/bin/bench --site apc.local migrate
2026-04-28 20:41:10,262 INFO /home/it/Project/APC_Operations/frappe-bench/env/bin/bench start
2026-04-28 20:41:10,745 INFO /home/it/Project/APC_Operations/frappe-bench/env/bin/bench serve --port 8000
2026-04-28 20:41:10,747 INFO /home/it/Project/APC_Operations/frappe-bench/env/bin/bench schedule
2026-04-28 20:41:10,766 INFO /home/it/Project/APC_Operations/frappe-bench/env/bin/bench watch
2026-04-28 20:41:10,771 INFO /home/it/Project/APC_Operations/frappe-bench/env/bin/bench worker
2026-04-28 20:52:18,755 INFO ./env/bin/bench --site apc.localhost migrate
2026-04-28 20:52:34,718 INFO ./env/bin/bench --site apc.localhost migrate
2026-04-28 20:52:54,692 INFO ./env/bin/bench --site apc.local migrate
2026-04-28 20:53:10,782 INFO ./env/bin/bench build --app apc_operations
2026-04-28 20:58:57,825 INFO /home/it/Project/APC_Operations/frappe-bench/env/bin/bench --site apc.local clear-cache
2026-04-28 20:59:02,142 INFO /home/it/Project/APC_Operations/frappe-bench/env/bin/bench start
2026-04-28 20:59:02,440 INFO /home/it/Project/APC_Operations/frappe-bench/env/bin/bench schedule
2026-04-28 20:59:02,445 INFO /home/it/Project/APC_Operations/frappe-bench/env/bin/bench serve --port 8000
2026-04-28 20:59:02,457 INFO /home/it/Project/APC_Operations/frappe-bench/env/bin/bench watch
2026-04-28 20:59:02,460 INFO /home/it/Project/APC_Operations/frappe-bench/env/bin/bench worker
2026-04-28 22:29:09,449 INFO /home/it/Project/APC_Operations/frappe-bench/env/bin/bench migrate
2026-04-28 22:37:49,056 INFO /home/it/Project/APC_Operations/frappe-bench/env/bin/bench migrate
2026-04-28 22:39:34,944 INFO /home/it/Project/APC_Operations/frappe-bench/env/bin/bench --site apc.local clear-cache
2026-04-28 22:39:41,378 INFO /home/it/Project/APC_Operations/frappe-bench/env/bin/bench start
2026-04-28 22:39:41,601 INFO /home/it/Project/APC_Operations/frappe-bench/env/bin/bench worker
2026-04-28 22:39:41,609 INFO /home/it/Project/APC_Operations/frappe-bench/env/bin/bench serve --port 8000
2026-04-28 22:39:41,609 INFO /home/it/Project/APC_Operations/frappe-bench/env/bin/bench schedule
2026-04-28 22:39:41,623 INFO /home/it/Project/APC_Operations/frappe-bench/env/bin/bench watch
2026-04-28 22:43:41,189 INFO ./env/bin/bench --site apc.local migrate
2026-04-28 22:44:16,376 INFO ./env/bin/bench build --app apc_operations
2026-04-28 22:44:39,404 INFO ./env/bin/bench --site apc.local clear-cache
2026-04-28 22:45:15,009 INFO ./env/bin/bench --site apc.local execute frappe.db.get_value --args "Page", "security-dashboard", "name"
2026-04-28 22:48:38,242 INFO ./env/bin/bench --site apc.local execute frappe.db.get_value --args ["Page", "shipping-dashboard", ["name","title","script"]]
2026-04-28 22:48:58,716 INFO ./env/bin/bench --site apc.local execute frappe.db.sql --args "DESCRIBE `tabPage`" --kwargs {"as_dict": true}
2026-04-28 22:50:19,729 INFO ./env/bin/bench --site apc.local sync-fixtures --app apc_operations
2026-04-28 22:50:31,675 INFO ./env/bin/bench --site apc.local import-fixtures --app apc_operations
2026-04-28 22:50:49,792 INFO ./env/bin/bench --site apc.local --help
2026-04-28 22:51:05,652 INFO ./env/bin/bench --site apc.local import-doc /home/it/Project/APC_Operations/frappe-bench/apps/apc_operations/apc_operations/shipping/workspace/security/security.json
2026-04-28 22:51:15,666 INFO ./env/bin/bench --site apc.local import-doc /home/it/Project/APC_Operations/frappe-bench/apps/apc_operations/apc_operations/shipping/number_card/pending_inspections/pending_inspections.json
2026-04-28 22:51:16,621 INFO ./env/bin/bench --site apc.local import-doc /home/it/Project/APC_Operations/frappe-bench/apps/apc_operations/apc_operations/shipping/number_card/checklist_pending/checklist_pending.json
2026-04-28 22:51:17,553 INFO ./env/bin/bench --site apc.local import-doc /home/it/Project/APC_Operations/frappe-bench/apps/apc_operations/apc_operations/shipping/number_card/qc_pending/qc_pending.json
2026-04-28 22:51:18,479 INFO ./env/bin/bench --site apc.local import-doc /home/it/Project/APC_Operations/frappe-bench/apps/apc_operations/apc_operations/shipping/number_card/qc_cleared/qc_cleared.json
2026-04-28 22:51:19,367 INFO ./env/bin/bench --site apc.local import-doc /home/it/Project/APC_Operations/frappe-bench/apps/apc_operations/apc_operations/shipping/number_card/qc_rejected/qc_rejected.json
2026-04-28 22:51:20,246 INFO ./env/bin/bench --site apc.local import-doc /home/it/Project/APC_Operations/frappe-bench/apps/apc_operations/apc_operations/shipping/number_card/pending_receivables/pending_receivables.json
2026-04-28 22:51:29,788 INFO ./env/bin/bench --site apc.local clear-cache
2026-04-28 22:51:37,991 INFO ./env/bin/bench --site apc.local console
2026-04-29 12:00:02,302 INFO /home/it/Project/APC_Operations/venv/bin/bench --verbose --site all backup
2026-04-29 14:13:44,447 INFO /home/it/Project/APC_Operations/frappe-bench/env/bin/bench start
2026-04-29 14:13:44,774 INFO /home/it/Project/APC_Operations/frappe-bench/env/bin/bench worker
2026-04-29 14:13:44,782 INFO /home/it/Project/APC_Operations/frappe-bench/env/bin/bench serve --port 8000
2026-04-29 14:13:44,788 INFO /home/it/Project/APC_Operations/frappe-bench/env/bin/bench schedule
2026-04-29 14:13:44,790 INFO /home/it/Project/APC_Operations/frappe-bench/env/bin/bench watch
2026-04-29 14:26:01,150 INFO /home/it/Project/APC_Operations/frappe-bench/env/bin/bench start
2026-04-29 14:26:01,371 INFO /home/it/Project/APC_Operations/frappe-bench/env/bin/bench watch
2026-04-29 14:26:01,375 INFO /home/it/Project/APC_Operations/frappe-bench/env/bin/bench serve --port 8000
2026-04-29 14:26:01,379 INFO /home/it/Project/APC_Operations/frappe-bench/env/bin/bench worker
2026-04-29 14:26:01,406 INFO /home/it/Project/APC_Operations/frappe-bench/env/bin/bench schedule
2026-04-29 14:34:35,339 INFO /home/it/Project/APC_Operations/frappe-bench/env/bin/bench --site apc.local mariadb --execute SELECT name, module FROM `tabDocType` WHERE name = 'Security Inspection';
2026-04-29 14:35:22,161 INFO /home/it/Project/APC_Operations/frappe-bench/env/bin/bench --site apc.local mariadb --execute SELECT name, module FROM `tabDocType` WHERE module = 'Security';
2026-04-29 14:35:23,148 INFO /home/it/Project/APC_Operations/frappe-bench/env/bin/bench --site apc.local mariadb --execute SELECT name FROM `tabModule Def`;
2026-04-29 14:36:22,639 INFO /home/it/Project/APC_Operations/frappe-bench/env/bin/bench --site apc.local mariadb --execute SELECT name, module, app FROM `tabModule Def` WHERE name = 'Security';
2026-04-29 14:36:43,440 INFO /home/it/Project/APC_Operations/frappe-bench/env/bin/bench --site apc.local mariadb --execute DESCRIBE `tabModule Def`;
2026-04-29 14:36:51,665 INFO /home/it/Project/APC_Operations/frappe-bench/env/bin/bench --site apc.local mariadb --execute SELECT name, module_name, app_name FROM `tabModule Def` WHERE module_name = 'Security';
2026-04-29 14:38:43,745 INFO /home/it/Project/APC_Operations/frappe-bench/env/bin/bench --site apc.local migrate
2026-04-29 14:47:17,385 INFO /home/it/Project/APC_Operations/frappe-bench/env/bin/bench --site apc.local mariadb --execute SELECT name, module FROM `tabDocType` WHERE name IN ('Security Inspection','Security Checklist','Security Module');
2026-04-29 14:47:33,963 INFO /home/it/Project/APC_Operations/frappe-bench/env/bin/bench --site apc.local mariadb --execute SELECT name, module_name, app_name, custom FROM `tabModule Def` WHERE module_name = 'Security';
2026-04-29 14:47:34,367 INFO /home/it/Project/APC_Operations/frappe-bench/env/bin/bench --site apc.local mariadb --execute SELECT name, module, custom FROM `tabDocType` WHERE name = 'Security Module';
2026-04-29 14:49:58,705 INFO /home/it/Project/APC_Operations/frappe-bench/env/bin/bench --site apc.local mariadb --execute 
UPDATE `tabModule Def` SET app_name='apc_operations', custom=0 WHERE name='Security';
DELETE FROM `tabDocType` WHERE name='Security Module';
DELETE FROM `tabDocField` WHERE parent='Security Module';
DELETE FROM `tabCustom Field` WHERE dt='Security Module';
SELECT 'Module Def after:' AS info;
SELECT name, module_name, app_name, custom FROM `tabModule Def` WHERE name='Security';
SELECT 'DocType after:' AS info;
SELECT name, module FROM `tabDocType` WHERE name IN ('Security Inspection','Security Checklist','Security Dispatch','Security Draft Delivery Note','Security Module');

2026-04-29 14:50:12,775 INFO /home/it/Project/APC_Operations/frappe-bench/env/bin/bench --site apc.local migrate
2026-04-29 14:50:26,336 INFO /home/it/Project/APC_Operations/frappe-bench/env/bin/bench --site apc.local mariadb --execute 
SELECT 'Module Defs:' AS info;
SELECT name, module_name, app_name, custom FROM `tabModule Def` WHERE app_name='apc_operations';
SELECT 'Security DocTypes:' AS info;
SELECT name, module FROM `tabDocType` WHERE name LIKE 'Security%' OR module='Security';

2026-04-29 14:50:30,916 INFO /home/it/Project/APC_Operations/frappe-bench/env/bin/bench --site apc.local clear-cache
2026-04-29 14:50:31,989 INFO /home/it/Project/APC_Operations/frappe-bench/env/bin/bench --site apc.local clear-website-cache
2026-04-29 14:59:12,124 INFO /home/it/Project/APC_Operations/frappe-bench/env/bin/bench start
2026-04-29 14:59:12,388 INFO /home/it/Project/APC_Operations/frappe-bench/env/bin/bench serve --port 8000
2026-04-29 14:59:12,389 INFO /home/it/Project/APC_Operations/frappe-bench/env/bin/bench worker
2026-04-29 14:59:12,397 INFO /home/it/Project/APC_Operations/frappe-bench/env/bin/bench schedule
2026-04-29 14:59:12,400 INFO /home/it/Project/APC_Operations/frappe-bench/env/bin/bench watch
2026-04-29 15:02:58,551 INFO /home/it/Project/APC_Operations/frappe-bench/env/bin/bench --site apc.local migrate
2026-04-29 15:03:18,238 INFO /home/it/Project/APC_Operations/frappe-bench/env/bin/bench --site apc.local mariadb --execute 
SELECT 'Field check:' AS info;
SELECT fieldname, in_list_view, in_standard_filter, fetch_from, read_only FROM `tabDocField` WHERE parent='Security Draft Delivery Note' AND fieldname='job_order';
SELECT 'Existing rows:' AS info;
SELECT name, transport_schedule, job_order FROM `tabSecurity Draft Delivery Note`;

2026-04-29 15:03:45,567 INFO /home/it/Project/APC_Operations/frappe-bench/env/bin/bench --site apc.local clear-cache
2026-04-29 15:50:38,053 INFO /home/it/Project/APC_Operations/frappe-bench/env/bin/bench --site apc.local migrate
2026-04-29 15:54:51,917 INFO /home/it/Project/APC_Operations/frappe-bench/env/bin/bench build --app apc_operations
2026-04-29 15:55:02,672 INFO /home/it/Project/APC_Operations/frappe-bench/env/bin/bench restart
2026-04-29 16:56:26,591 INFO ./env/bin/bench --site apc.local migrate
2026-04-29 16:57:08,689 INFO ./env/bin/bench --site apc.local migrate
2026-04-29 16:57:53,616 INFO ./env/bin/bench --site apc.local clear-cache
2026-04-29 16:57:56,266 INFO ./env/bin/bench --site apc.local clear-website-cache
2026-04-29 16:57:57,822 INFO ./env/bin/bench restart
2026-04-29 17:08:57,312 INFO /home/it/Project/APC_Operations/frappe-bench/env/bin/bench migrate
2026-04-29 17:09:13,213 INFO /home/it/Project/APC_Operations/frappe-bench/env/bin/bench --site apc.local clear-cache
2026-04-29 17:42:55,371 INFO /home/it/Project/APC_Operations/frappe-bench/env/bin/bench clear-cache
2026-04-29 17:43:03,859 INFO /home/it/Project/APC_Operations/frappe-bench/env/bin/bench migrate
2026-04-29 17:43:11,789 INFO /home/it/Project/APC_Operations/frappe-bench/env/bin/bench start
2026-04-29 17:43:12,133 INFO /home/it/Project/APC_Operations/frappe-bench/env/bin/bench schedule
2026-04-29 17:43:12,143 INFO /home/it/Project/APC_Operations/frappe-bench/env/bin/bench worker
2026-04-29 17:43:12,144 INFO /home/it/Project/APC_Operations/frappe-bench/env/bin/bench serve --port 8000
2026-04-29 17:43:12,145 INFO /home/it/Project/APC_Operations/frappe-bench/env/bin/bench watch
2026-04-30 09:21:02,556 INFO /home/it/Project/APC_Operations/frappe-bench/env/bin/bench start
2026-04-30 09:21:02,884 INFO /home/it/Project/APC_Operations/frappe-bench/env/bin/bench worker
2026-04-30 09:21:02,888 INFO /home/it/Project/APC_Operations/frappe-bench/env/bin/bench schedule
2026-04-30 09:21:02,889 INFO /home/it/Project/APC_Operations/frappe-bench/env/bin/bench serve --port 8000
2026-04-30 09:21:02,895 INFO /home/it/Project/APC_Operations/frappe-bench/env/bin/bench watch
2026-04-30 09:24:19,247 INFO /home/it/Project/APC_Operations/frappe-bench/env/bin/bench start
2026-04-30 09:24:19,472 INFO /home/it/Project/APC_Operations/frappe-bench/env/bin/bench worker
2026-04-30 09:24:19,472 INFO /home/it/Project/APC_Operations/frappe-bench/env/bin/bench serve --port 8000
2026-04-30 09:24:19,482 INFO /home/it/Project/APC_Operations/frappe-bench/env/bin/bench watch
2026-04-30 09:24:19,487 INFO /home/it/Project/APC_Operations/frappe-bench/env/bin/bench schedule
2026-04-30 09:26:09,580 INFO /home/it/Project/APC_Operations/frappe-bench/env/bin/bench start
2026-04-30 09:26:09,813 INFO /home/it/Project/APC_Operations/frappe-bench/env/bin/bench serve --port 8000
2026-04-30 09:26:09,815 INFO /home/it/Project/APC_Operations/frappe-bench/env/bin/bench watch
2026-04-30 09:26:09,816 INFO /home/it/Project/APC_Operations/frappe-bench/env/bin/bench worker
2026-04-30 09:26:09,830 INFO /home/it/Project/APC_Operations/frappe-bench/env/bin/bench schedule
2026-04-30 09:28:56,999 INFO /home/it/Project/APC_Operations/frappe-bench/env/bin/bench status
2026-04-30 09:30:01,877 INFO /home/it/Project/APC_Operations/frappe-bench/env/bin/bench --site apc.local console --cmd print('Console works')
2026-04-30 12:00:02,251 INFO /home/it/Project/APC_Operations/venv/bin/bench --verbose --site all backup
2026-04-30 12:47:23,151 INFO ./env/bin/bench --site apc.local mariadb -e SELECT name, docstatus, status, terms_of_delivery, booking_requirement, transport_required, transport_status, shipping_status, transport_schedule, shipping_booking, transport_requirement_status FROM `tabJob Order` WHERE name='JO-2026-00018'; SELECT name, docstatus, job_order, shipping_booking, transport_type, outward_type, transport_status, scheduled_pickup_date, security_draft_delivery_note, transport_po_request, payables_status, security_status FROM `tabTransport Schedule` WHERE job_order='JO-2026-00018' OR shipping_booking IN (SELECT shipping_booking FROM `tabJob Order` WHERE name='JO-2026-00018'); SELECT name, job_order, booking_status, transport_status, linked_transport, cro_number FROM `tabShipping Booking` WHERE job_order='JO-2026-00018';
2026-04-30 12:47:33,368 INFO ./env/bin/bench --site apc.local mariadb -e SELECT jo.name, jo.docstatus, jo.status, jo.terms_of_delivery, jo.booking_requirement, jo.transport_status, jo.transport_schedule, ts.name AS ts_name, ts.transport_type, ts.outward_type, ts.transport_status AS ts_status FROM `tabJob Order` jo LEFT JOIN `tabTransport Schedule` ts ON ts.job_order = jo.name ORDER BY jo.name; SELECT status, docstatus, terms_of_delivery, booking_requirement, transport_status, COUNT(*) AS count FROM `tabJob Order` GROUP BY status, docstatus, terms_of_delivery, booking_requirement, transport_status ORDER BY status, terms_of_delivery;
2026-04-30 13:55:07,713 INFO ./env/bin/bench --site apc.local mariadb -e SELECT name, mode_of_transport, port_of_loading, port_of_discharge, loading_instructions, loading_remarks FROM `tabJob Order` WHERE name='JO-2026-00018';
2026-04-30 13:57:03,058 INFO ./env/bin/bench --site apc.local mariadb -e SELECT name, customer_name FROM `tabCustomer` LIMIT 3; SELECT name FROM `tabPort` LIMIT 3;
2026-04-30 13:57:55,561 INFO ./env/bin/bench --site apc.local run-tests --app apc_operations --module apc_operations.shipping.doctype.job_order.test_job_order --module apc_operations.shipping.doctype.transport_schedule.test_transport_schedule
2026-04-30 13:58:03,140 INFO ./env/bin/bench run-tests --help
2026-04-30 13:58:10,729 INFO ./env/bin/bench --site apc.local set-config allow_tests true
2026-04-30 13:58:10,879 INFO ./env/bin/bench --site apc.local set-config allow_tests false
2026-04-30 14:06:52,102 INFO ./env/bin/bench --site apc.local set-config allow_tests true
2026-04-30 14:06:52,733 INFO ./env/bin/bench --site apc.local run-tests --app apc_operations --module apc_operations.shipping.doctype.job_order.test_job_order --module apc_operations.shipping.doctype.transport_schedule.test_transport_schedule
2026-04-30 14:06:54,021 INFO ./env/bin/bench --site apc.local set-config allow_tests false
2026-04-30 14:07:10,421 INFO ./env/bin/bench --site apc.local set-config allow_tests false
2026-04-30 14:07:10,498 INFO ./env/bin/bench --site apc.local show-config
2026-04-30 14:07:19,408 INFO ./env/bin/bench --site apc.local set-config allow_tests true
2026-04-30 14:07:19,936 INFO ./env/bin/bench --site apc.local run-tests --app apc_operations --skip-before-tests --module apc_operations.shipping.doctype.job_order.test_job_order --module apc_operations.shipping.doctype.transport_schedule.test_transport_schedule
2026-04-30 14:07:21,903 INFO ./env/bin/bench --site apc.local set-config allow_tests false
2026-04-30 14:07:30,513 INFO ./env/bin/bench --site apc.local mariadb -e SELECT name, module, custom FROM `tabDocType` WHERE name='Transport Schedule';
2026-04-30 14:09:28,699 INFO ./env/bin/bench --site apc.local set-config allow_tests true
2026-04-30 14:09:29,220 INFO ./env/bin/bench --site apc.local run-tests --app apc_operations --skip-before-tests --module apc_operations.shipping.doctype.job_order.test_job_order --module apc_operations.shipping.doctype.transport_schedule.test_transport_schedule
2026-04-30 14:09:31,290 INFO ./env/bin/bench --site apc.local set-config allow_tests false
2026-04-30 14:10:09,122 INFO ./env/bin/bench --site apc.local set-config allow_tests true
2026-04-30 14:10:09,628 INFO ./env/bin/bench --site apc.local run-tests --app apc_operations --skip-before-tests --module apc_operations.shipping.doctype.job_order.test_job_order --module apc_operations.shipping.doctype.transport_schedule.test_transport_schedule
2026-04-30 14:10:11,720 INFO ./env/bin/bench --site apc.local set-config allow_tests false
2026-04-30 14:10:57,091 INFO ./env/bin/bench --site apc.local set-config allow_tests true
2026-04-30 14:10:57,623 INFO ./env/bin/bench --site apc.local run-tests --app apc_operations --skip-before-tests --module apc_operations.shipping.doctype.job_order.test_job_order --module apc_operations.shipping.doctype.transport_schedule.test_transport_schedule
2026-04-30 14:10:59,735 INFO ./env/bin/bench --site apc.local set-config allow_tests false
2026-04-30 14:11:44,313 INFO ./env/bin/bench --site apc.local set-config allow_tests true
2026-04-30 14:11:44,840 INFO ./env/bin/bench --site apc.local run-tests --app apc_operations --skip-before-tests --module apc_operations.shipping.doctype.job_order.test_job_order --module apc_operations.shipping.doctype.transport_schedule.test_transport_schedule
2026-04-30 14:11:46,964 INFO ./env/bin/bench --site apc.local set-config allow_tests false
2026-04-30 14:12:28,379 INFO ./env/bin/bench --site apc.local set-config allow_tests true
2026-04-30 14:12:28,894 INFO ./env/bin/bench --site apc.local run-tests --app apc_operations --skip-before-tests --module apc_operations.shipping.doctype/job_order/test_job_order --module apc_operations.shipping.doctype.transport_schedule.test_transport_schedule
2026-04-30 14:12:30,942 INFO ./env/bin/bench --site apc.local set-config allow_tests false
2026-04-30 14:13:08,733 INFO ./env/bin/bench --site apc.local set-config allow_tests true
2026-04-30 14:13:09,268 INFO ./env/bin/bench --site apc.local run-tests --app apc_operations --skip-before-tests --module apc_operations.shipping.doctype.job_order.test_job_order --module apc_operations.shipping.doctype.transport_schedule.test_transport_schedule
2026-04-30 14:13:11,485 INFO ./env/bin/bench --site apc.local set-config allow_tests false
2026-04-30 14:13:35,160 INFO ./env/bin/bench --site apc.local set-config allow_tests true
2026-04-30 14:13:35,670 INFO ./env/bin/bench --site apc.local run-tests --app apc_operations --skip-before-tests --module apc_operations.shipping.doctype.job_order.test_job_order
2026-04-30 14:13:38,018 INFO ./env/bin/bench --site apc.local run-tests --app apc_operations --skip-before-tests --module apc_operations.shipping.doctype.transport_schedule.test_transport_schedule
2026-04-30 14:13:40,171 INFO ./env/bin/bench --site apc.local set-config allow_tests false
2026-04-30 14:13:51,266 INFO ./env/bin/bench --site apc.local migrate
2026-04-30 14:14:01,644 INFO ./env/bin/bench --site apc.local mariadb -e SELECT name, docstatus, status, terms_of_delivery, mode_of_transport, booking_requirement, transport_required, transport_status, transport_schedule, shipping_booking, transport_requirement_status FROM `tabJob Order` WHERE name='JO-2026-00018'; SELECT name, job_order, transport_type, outward_type, transport_status, scheduled_pickup_date, security_draft_delivery_note, transport_po_request, payables_status, security_status FROM `tabTransport Schedule` WHERE job_order='JO-2026-00018'; SELECT name, transport_schedule, job_order, outward_type, security_status, gate_out_status FROM `tabSecurity Draft Delivery Note` WHERE job_order='JO-2026-00018';
2026-04-30 14:14:08,653 INFO ./env/bin/bench --site apc.local mariadb -e SELECT patch, success FROM `tabPatch Log` WHERE patch LIKE 'apc_operations.patches.v0_0.%' ORDER BY creation;
2026-04-30 14:14:12,652 INFO ./env/bin/bench --site apc.local mariadb -e DESC `tabPatch Log`; SELECT patch FROM `tabPatch Log` WHERE patch LIKE 'apc_operations.patches.v0_0.%' ORDER BY creation;
2026-04-30 14:14:29,214 INFO ./env/bin/bench --site apc.local migrate
2026-04-30 14:14:40,087 INFO ./env/bin/bench --site apc.local mariadb -e SELECT name, docstatus, status, terms_of_delivery, mode_of_transport, booking_requirement, transport_required, transport_status, transport_schedule, shipping_booking, transport_requirement_status FROM `tabJob Order` WHERE name='JO-2026-00018'; SELECT name, job_order, transport_type, outward_type, transport_status, scheduled_pickup_date, security_draft_delivery_note, transport_po_request, payables_status, security_status FROM `tabTransport Schedule` WHERE job_order='JO-2026-00018'; SELECT name, transport_schedule, job_order, outward_type, security_status, gate_out_status FROM `tabSecurity Draft Delivery Note` WHERE job_order='JO-2026-00018';
2026-04-30 14:14:48,687 INFO ./env/bin/bench --site apc.local show-config
2026-04-30 14:14:57,726 INFO ./env/bin/bench --site apc.local mariadb -e SELECT COUNT(*) AS local_delivery_rows FROM `tabTransport Schedule` WHERE transport_type='Outward' AND outward_type IN ('Local Delivery','Tanker Delivery','Trailer Delivery') AND job_order='JO-2026-00018'; SELECT patch, skipped FROM `tabPatch Log` WHERE patch IN ('apc_operations.patches.v0_0.backfill_transport_schedule_job_order','apc_operations.patches.v0_0.reconcile_job_order_operational_links') ORDER BY creation;
2026-04-30 14:35:20,724 INFO ./env/bin/bench --site apc.local mariadb -e SELECT name, job_order_number FROM `tabJob Order` ORDER BY name;
2026-04-30 14:36:52,991 INFO ./env/bin/bench --site apc.local migrate
2026-04-30 14:37:04,109 INFO ./env/bin/bench --site apc.local mariadb -e SELECT LOCATE('Shipping Booking / CRO', script) AS old_export_label, LOCATE('Delivery Mode', script) AS old_local_label, LOCATE('Job Order Number', script) AS new_label FROM `tabCustom HTML Block` WHERE name='Transportation Dashboard';
2026-04-30 14:37:04,113 INFO ./env/bin/bench --site apc.local execute apc_operations.shipping.api.get_job_dashboard_data
2026-04-30 14:37:04,705 INFO ./env/bin/bench --site apc.local execute apc_operations.shipping.api.get_transportation_dashboard_data
2026-04-30 21:46:58,248 INFO /home/it/Project/APC_Operations/frappe-bench/env/bin/bench start
2026-04-30 21:46:58,622 INFO /home/it/Project/APC_Operations/frappe-bench/env/bin/bench watch
2026-04-30 21:46:58,625 INFO /home/it/Project/APC_Operations/frappe-bench/env/bin/bench schedule
2026-04-30 21:46:58,639 INFO /home/it/Project/APC_Operations/frappe-bench/env/bin/bench worker
2026-04-30 21:46:58,644 INFO /home/it/Project/APC_Operations/frappe-bench/env/bin/bench serve --port 8000
2026-05-01 09:37:40,308 INFO /home/it/Project/APC_Operations/frappe-bench/env/bin/bench start
2026-05-01 11:17:02,598 INFO /home/it/Project/APC_Operations/frappe-bench/env/bin/bench migrat
2026-05-01 11:17:04,160 INFO /home/it/Project/APC_Operations/frappe-bench/env/bin/bench migrate
2026-05-01 11:17:19,803 INFO /home/it/Project/APC_Operations/frappe-bench/env/bin/bench clear-cache
2026-05-01 11:17:26,965 INFO /home/it/Project/APC_Operations/frappe-bench/env/bin/bench start
2026-05-01 11:17:27,224 INFO /home/it/Project/APC_Operations/frappe-bench/env/bin/bench schedule
2026-05-01 11:17:27,236 INFO /home/it/Project/APC_Operations/frappe-bench/env/bin/bench serve --port 8000
2026-05-01 11:17:27,238 INFO /home/it/Project/APC_Operations/frappe-bench/env/bin/bench watch
2026-05-01 11:17:27,241 INFO /home/it/Project/APC_Operations/frappe-bench/env/bin/bench worker
2026-05-01 12:00:01,391 INFO /home/it/Project/APC_Operations/venv/bin/bench --verbose --site all backup
2026-05-01 12:33:30,614 INFO /home/it/Project/APC_Operations/frappe-bench/env/bin/bench migrate
2026-05-01 13:47:53,145 INFO /home/it/Project/APC_Operations/frappe-bench/env/bin/bench version
2026-05-01 13:52:32,791 INFO /home/it/Project/APC_Operations/frappe-bench/env/bin/bench --site apc.local migrate
2026-05-01 13:57:30,745 INFO /home/it/Project/APC_Operations/frappe-bench/env/bin/bench --site apc.local mariadb -e SHOW COLUMNS FROM `tabJob Order` LIKE 'freight_borne_by'; SHOW COLUMNS FROM `tabJob Order` LIKE 'insurance_required'; SHOW COLUMNS FROM `tabJob Order` LIKE 'risk_transfer_point';
2026-05-01 14:02:47,055 INFO /home/it/Project/APC_Operations/frappe-bench/env/bin/bench --site apc.local console
2026-05-01 14:03:17,288 INFO /home/it/Project/APC_Operations/frappe-bench/env/bin/bench --site apc.local mariadb -e SELECT name, module_name, app_name FROM `tabModule Def` WHERE app_name='apc_operations';
2026-05-01 14:04:05,443 INFO /home/it/Project/APC_Operations/frappe-bench/env/bin/bench --site apc.local migrate
2026-05-01 14:04:55,060 INFO /home/it/Project/APC_Operations/frappe-bench/env/bin/bench --site apc.local migrate
2026-05-01 14:05:23,904 INFO /home/it/Project/APC_Operations/frappe-bench/env/bin/bench --site apc.local mariadb -e SHOW COLUMNS FROM `tabJob Order` WHERE Field IN ('freight_borne_by','insurance_borne_by','transport_arranged_by','shipping_arranged_by','insurance_required','risk_transfer_point','insurance_policy_no','insurance_value','insurance_provider','insurance_currency');
2026-05-01 14:06:46,449 INFO /home/it/Project/APC_Operations/frappe-bench/env/bin/bench --site apc.local execute apc_operations.patches.v0_0.backfill_incoterm_responsibility.execute
2026-05-01 14:06:47,203 INFO /home/it/Project/APC_Operations/frappe-bench/env/bin/bench --site apc.local mariadb -e SELECT name, terms_of_delivery, freight_borne_by, insurance_borne_by, transport_arranged_by, shipping_arranged_by, insurance_required FROM `tabJob Order` ORDER BY creation DESC LIMIT 10;
2026-05-01 14:07:02,093 INFO /home/it/Project/APC_Operations/frappe-bench/env/bin/bench --site apc.local clear-cache
2026-05-01 14:07:09,855 INFO /home/it/Project/APC_Operations/frappe-bench/env/bin/bench --site apc.local run-tests --doctype Job Order
2026-05-01 14:07:34,223 INFO /home/it/Project/APC_Operations/frappe-bench/env/bin/bench --site apc.local set-config allow_tests true
2026-05-01 14:07:34,674 INFO /home/it/Project/APC_Operations/frappe-bench/env/bin/bench --site apc.local run-tests --doctype Job Order
2026-05-01 14:08:07,147 INFO /home/it/Project/APC_Operations/frappe-bench/env/bin/bench --site apc.local run-tests --doctype Job Order
2026-05-01 14:08:16,805 INFO /home/it/Project/APC_Operations/frappe-bench/env/bin/bench --site apc.local list-apps
2026-05-01 14:08:39,472 INFO /home/it/Project/APC_Operations/frappe-bench/env/bin/bench --site apc.local mariadb -e SELECT name, module FROM `tabDocType` WHERE name IN ('Customer','Employee','Port');
2026-05-01 14:09:01,150 INFO /home/it/Project/APC_Operations/frappe-bench/env/bin/bench --site apc.local run-tests --module apc_operations.shipping.doctype.job_order.test_job_order --skip-test-records
2026-05-01 14:09:27,028 INFO /home/it/Project/APC_Operations/frappe-bench/env/bin/bench --site apc.local run-tests --module apc_operations.shipping.doctype.transport_schedule.test_transport_schedule --skip-test-records
2026-05-01 14:09:34,742 INFO /home/it/Project/APC_Operations/frappe-bench/env/bin/bench --site apc.local clear-cache
2026-05-01 14:09:35,870 INFO /home/it/Project/APC_Operations/frappe-bench/env/bin/bench --site apc.local clear-website-cache
2026-05-01 14:17:14,890 INFO /home/it/Project/APC_Operations/frappe-bench/env/bin/bench --site apc.local mariadb -e SELECT name, vessel_name, vessel_date, cutoff_date, pull_out_date FROM `tabShipping Booking` WHERE cutoff_date > vessel_date OR pull_out_date > cutoff_date ORDER BY creation DESC LIMIT 20;
2026-05-01 14:17:24,612 INFO /home/it/Project/APC_Operations/frappe-bench/env/bin/bench --site apc.local mariadb -e SELECT name, vessel_name, vessel_date, cutoff_date, pull_out_date FROM `tabShipping Booking` ORDER BY creation DESC LIMIT 5;
2026-05-01 14:17:41,963 INFO /home/it/Project/APC_Operations/frappe-bench/env/bin/bench --site apc.local clear-cache
2026-05-01 14:17:43,077 INFO /home/it/Project/APC_Operations/frappe-bench/env/bin/bench --site apc.local run-tests --module apc_operations.shipping.doctype.job_order.test_job_order --skip-test-records
2026-05-01 14:18:01,682 INFO /home/it/Project/APC_Operations/frappe-bench/env/bin/bench --site apc.local console
2026-05-01 15:28:07,702 INFO /home/it/Project/APC_Operations/frappe-bench/env/bin/bench --site apc.local mariadb -e SELECT name, vessel_name, booking_status FROM `tabShipping Booking` WHERE vessel_name='TBD';
2026-05-01 15:28:50,151 INFO /home/it/Project/APC_Operations/frappe-bench/env/bin/bench --site apc.local execute apc_operations.patches.v0_0.clear_tbd_vessel_name_placeholder.execute
2026-05-01 15:28:50,614 INFO /home/it/Project/APC_Operations/frappe-bench/env/bin/bench --site apc.local clear-cache
2026-05-01 15:29:03,513 INFO /home/it/Project/APC_Operations/frappe-bench/env/bin/bench --site apc.local mariadb -e SELECT name, vessel_name, booking_status FROM `tabShipping Booking` ORDER BY creation DESC LIMIT 5;
2026-05-01 15:32:09,246 INFO /home/it/Project/APC_Operations/frappe-bench/env/bin/bench --site apc.local console
2026-05-01 15:32:22,399 INFO /home/it/Project/APC_Operations/frappe-bench/env/bin/bench --site apc.local mariadb -e SELECT name, vessel_name FROM `tabShipping Booking` WHERE vessel_name IN ('', NULL); SELECT 'separator', '-', '-'; SELECT name, vessel_name FROM `tabShipping Booking` WHERE vessel_name IS NULL OR vessel_name = '';
2026-05-01 15:33:49,603 INFO /home/it/Project/APC_Operations/frappe-bench/env/bin/bench --site apc.local clear-cache
2026-05-01 15:33:50,702 INFO /home/it/Project/APC_Operations/frappe-bench/env/bin/bench --site apc.local console
2026-05-01 15:33:59,725 INFO /home/it/Project/APC_Operations/frappe-bench/env/bin/bench --site apc.local run-tests --module apc_operations.shipping.doctype.job_order.test_job_order --skip-test-records
2026-05-01 15:34:10,702 INFO /home/it/Project/APC_Operations/frappe-bench/env/bin/bench --site apc.local console
2026-05-01 17:45:47,103 INFO /home/it/Project/APC_Operations/frappe-bench/env/bin/bench --site apc.local clear-cache
2026-05-01 17:45:48,766 INFO /home/it/Project/APC_Operations/frappe-bench/env/bin/bench --site apc.local clear-website-cache
2026-05-01 20:13:04,416 INFO /home/it/Project/APC_Operations/frappe-bench/env/bin/bench start
2026-05-01 20:13:05,003 INFO /home/it/Project/APC_Operations/frappe-bench/env/bin/bench serve --port 8000
2026-05-01 20:13:05,003 INFO /home/it/Project/APC_Operations/frappe-bench/env/bin/bench worker
2026-05-01 20:13:05,007 INFO /home/it/Project/APC_Operations/frappe-bench/env/bin/bench schedule
2026-05-01 20:13:05,013 INFO /home/it/Project/APC_Operations/frappe-bench/env/bin/bench watch
2026-05-01 20:50:41,819 INFO /home/it/Project/APC_Operations/frappe-bench/env/bin/bench start
2026-05-01 20:50:42,314 INFO /home/it/Project/APC_Operations/frappe-bench/env/bin/bench serve --port 8000
2026-05-01 20:50:42,345 INFO /home/it/Project/APC_Operations/frappe-bench/env/bin/bench schedule
2026-05-01 20:50:42,352 INFO /home/it/Project/APC_Operations/frappe-bench/env/bin/bench watch
2026-05-01 20:50:42,358 INFO /home/it/Project/APC_Operations/frappe-bench/env/bin/bench worker
2026-05-01 21:02:27,599 INFO /home/it/Project/APC_Operations/frappe-bench/env/bin/bench migrate
2026-05-01 22:05:05,113 INFO /home/it/Project/APC_Operations/frappe-bench/env/bin/bench --site apc.local run-tests --app apc_operations
2026-05-02 09:19:44,434 INFO /home/it/Project/APC_Operations/frappe-bench/env/bin/bench start
2026-05-02 09:19:44,774 INFO /home/it/Project/APC_Operations/frappe-bench/env/bin/bench serve --port 8000
2026-05-02 09:19:44,775 INFO /home/it/Project/APC_Operations/frappe-bench/env/bin/bench worker
2026-05-02 09:19:44,797 INFO /home/it/Project/APC_Operations/frappe-bench/env/bin/bench schedule
2026-05-02 09:19:44,801 INFO /home/it/Project/APC_Operations/frappe-bench/env/bin/bench watch
2026-05-02 11:23:20,132 INFO env/bin/bench build --app apc_operations
2026-05-02 11:27:56,187 INFO env/bin/bench build --app apc_operations
2026-05-02 12:00:01,890 INFO /home/it/Project/APC_Operations/venv/bin/bench --verbose --site all backup
2026-05-02 12:19:03,874 INFO /home/it/Project/APC_Operations/frappe-bench/env/bin/bench migrate
2026-05-02 13:17:23,144 INFO /home/it/Project/APC_Operations/frappe-bench/env/bin/bench get-app erpnext --branch version-15
2026-05-02 13:17:23,709 LOG Getting erpnext
2026-05-02 13:17:23,709 DEBUG cd ./apps && git clone https://github.com/frappe/erpnext.git --branch version-15 --depth 1 --origin upstream
2026-05-02 13:17:31,029 LOG Installing erpnext
2026-05-02 13:17:31,029 DEBUG cd /home/it/Project/APC_Operations/frappe-bench && uv pip install --quiet --upgrade -e /home/it/Project/APC_Operations/frappe-bench/apps/erpnext  --python /home/it/Project/APC_Operations/frappe-bench/env/bin/python
2026-05-02 13:17:37,033 DEBUG cd /home/it/Project/APC_Operations/frappe-bench/apps/erpnext && yarn install --check-files
2026-05-02 13:17:38,353 DEBUG bench build --app erpnext
2026-05-02 13:17:38,468 INFO /home/it/Project/APC_Operations/frappe-bench/env/bin/bench build --app erpnext
2026-05-02 13:21:54,196 INFO /home/it/Project/APC_Operations/frappe-bench/env/bin/bench start
2026-05-02 13:21:54,426 INFO /home/it/Project/APC_Operations/frappe-bench/env/bin/bench serve --port 8000
2026-05-02 13:21:54,442 INFO /home/it/Project/APC_Operations/frappe-bench/env/bin/bench watch
2026-05-02 13:21:54,450 INFO /home/it/Project/APC_Operations/frappe-bench/env/bin/bench worker
2026-05-02 13:21:54,451 INFO /home/it/Project/APC_Operations/frappe-bench/env/bin/bench schedule
2026-05-02 13:23:02,519 INFO /home/it/Project/APC_Operations/frappe-bench/env/bin/bench --site apc.local install-app erpnext
2026-05-02 13:44:02,710 INFO /home/it/Project/APC_Operations/frappe-bench/env/bin/bench --site apc.local backup --with-files
2026-05-02 13:55:19,566 INFO env/bin/bench --site apc.local migrate
2026-05-02 14:19:21,922 INFO env/bin/bench --site apc.local clear-cache
2026-05-02 14:19:35,363 INFO env/bin/bench --site apc.local execute frappe.db.get_value --args ['DocType', 'UOM', 'module']
2026-05-02 14:19:36,040 INFO env/bin/bench --site apc.local execute frappe.db.get_value --args ['Custom Field', {'dt': 'Item', 'fieldname': 'zoho_item_id'}, 'name']
2026-05-02 14:19:36,715 INFO env/bin/bench --site apc.local execute frappe.db.get_value --args ['Custom Field', {'dt': 'Customer', 'fieldname': 'zoho_customer_id'}, 'name']
2026-05-02 14:19:41,567 INFO env/bin/bench --site apc.local execute apc_operations.zoho.integration.import_sales_order_from_zoho --args ['CURSOR-MASTER-MERGE-SMOKE']
2026-05-02 14:21:55,051 INFO env/bin/bench --site apc.local migrate
2026-05-02 14:22:16,864 INFO env/bin/bench --site apc.local clear-cache
2026-05-02 14:22:16,887 INFO env/bin/bench build --app apc_operations
2026-05-02 14:22:22,928 INFO env/bin/bench --site apc.local mariadb --skip-column-names -e SELECT COUNT(*) AS total_apc_batches, SUM(CASE WHEN erpnext_batch IS NOT NULL AND erpnext_batch != '' THEN 1 ELSE 0 END) AS linked_batches FROM `tabAPC Batch`; SELECT name, erpnext_batch, product FROM `tabAPC Batch` WHERE erpnext_batch IS NOT NULL AND erpnext_batch != '' LIMIT 5;
2026-05-02 14:22:31,034 INFO env/bin/bench --site apc.local execute frappe.db.get_value --args ['DocField', {'parent': 'APC Batch', 'fieldname': 'erpnext_batch'}, 'options']
2026-05-02 14:22:31,860 INFO env/bin/bench --site apc.local execute frappe.db.get_value --args ['DocType', 'Batch', 'module']
2026-05-02 14:24:49,653 INFO env/bin/bench --site apc.local migrate
2026-05-02 14:25:07,517 INFO env/bin/bench --site apc.local clear-cache
2026-05-02 14:25:08,204 INFO env/bin/bench build --app apc_operations
2026-05-02 14:25:16,306 INFO env/bin/bench --site apc.local execute frappe.db.get_value --args ['DocField', {'parent': 'APC COA', 'fieldname': 'quality_inspection'}, 'options']
2026-05-02 14:25:16,996 INFO env/bin/bench --site apc.local execute frappe.db.get_value --args ['DocType', 'Quality Inspection', 'module']
2026-05-02 14:25:17,668 INFO env/bin/bench --site apc.local mariadb --skip-column-names -e SELECT COUNT(*) AS total_coas, SUM(CASE WHEN quality_inspection IS NOT NULL AND quality_inspection != '' THEN 1 ELSE 0 END) AS linked_qi FROM `tabAPC COA`;
2026-05-02 16:49:22,431 INFO /home/it/Project/APC_Operations/frappe-bench/env/bin/bench --site apc.local migrate
2026-05-02 16:56:34,575 INFO /home/it/Project/APC_Operations/frappe-bench/env/bin/bench --site apc.local migrate
2026-05-02 16:56:47,393 INFO /home/it/Project/APC_Operations/frappe-bench/env/bin/bench --site apc.local clear-cache
2026-05-02 16:57:14,512 INFO /home/it/Project/APC_Operations/frappe-bench/env/bin/bench --site apc.local console
2026-05-02 16:57:27,715 INFO /home/it/Project/APC_Operations/frappe-bench/env/bin/bench --site apc.local execute frappe.modules.import_file.import_file_by_path --kwargs {'path': 'apps/apc_operations/apc_operations/inventory/workspace/inventory/inventory.json', 'force': True}
2026-05-02 16:57:28,392 INFO /home/it/Project/APC_Operations/frappe-bench/env/bin/bench --site apc.local clear-cache
2026-05-02 16:57:33,612 INFO /home/it/Project/APC_Operations/frappe-bench/env/bin/bench --site apc.local execute frappe.modules.import_file.import_file_by_path --kwargs {'path': '/home/it/Project/APC_Operations/frappe-bench/apps/apc_operations/apc_operations/inventory/workspace/inventory/inventory.json', 'force': True}
2026-05-02 16:57:34,821 INFO /home/it/Project/APC_Operations/frappe-bench/env/bin/bench --site apc.local clear-cache
2026-05-02 16:57:39,548 INFO /home/it/Project/APC_Operations/frappe-bench/env/bin/bench --site apc.local console
2026-05-02 16:57:50,360 INFO /home/it/Project/APC_Operations/frappe-bench/env/bin/bench --site apc.local console
2026-05-02 16:58:36,042 INFO /home/it/Project/APC_Operations/frappe-bench/env/bin/bench --site apc.local console
2026-05-02 16:58:45,001 INFO /home/it/Project/APC_Operations/frappe-bench/env/bin/bench --site apc.local console
2026-05-02 17:07:24,478 INFO /home/it/Project/APC_Operations/frappe-bench/env/bin/bench --site apc.local mariadb -e SELECT name, istable, module FROM tabDocType WHERE name IN ('COA Test Parameter','COA Template Parameter','COA Test Result','APC COA','COA Template'); SHOW COLUMNS FROM `tabCOA Test Parameter`; SHOW COLUMNS FROM `tabCOA Test Result`; SHOW COLUMNS FROM `tabCOA Template Parameter`;
2026-05-02 17:07:30,651 INFO /home/it/Project/APC_Operations/frappe-bench/env/bin/bench --site apc.local mariadb -e SHOW COLUMNS FROM `tabAPC COA`; SHOW COLUMNS FROM `tabCOA Template`;
2026-05-02 17:08:21,454 INFO /home/it/Project/APC_Operations/frappe-bench/env/bin/bench --site apc.local clear-cache
2026-05-02 17:08:22,701 INFO /home/it/Project/APC_Operations/frappe-bench/env/bin/bench --site apc.local clear-website-cache
2026-05-02 17:08:23,718 INFO /home/it/Project/APC_Operations/frappe-bench/env/bin/bench --site apc.local execute frappe.clear_cache
2026-05-02 17:08:31,521 INFO /home/it/Project/APC_Operations/frappe-bench/env/bin/bench --site apc.local console
2026-05-02 17:08:42,661 INFO /home/it/Project/APC_Operations/frappe-bench/env/bin/bench --site apc.local console
2026-05-02 17:17:53,170 INFO /home/it/Project/APC_Operations/frappe-bench/env/bin/bench --site apc.local run-tests --doctype Transport Schedule
2026-05-04 10:50:24,116 INFO /home/it/Project/APC_Operations/frappe-bench/env/bin/bench start
2026-05-04 10:50:24,450 INFO /home/it/Project/APC_Operations/frappe-bench/env/bin/bench serve --port 8000
2026-05-04 10:50:24,453 INFO /home/it/Project/APC_Operations/frappe-bench/env/bin/bench worker
2026-05-04 10:50:24,473 INFO /home/it/Project/APC_Operations/frappe-bench/env/bin/bench schedule
2026-05-04 10:50:24,474 INFO /home/it/Project/APC_Operations/frappe-bench/env/bin/bench watch
2026-05-04 12:00:01,506 INFO /home/it/Project/APC_Operations/venv/bin/bench --verbose --site all backup
2026-05-05 09:26:18,492 INFO /home/it/Project/APC_Operations/frappe-bench/env/bin/bench start
2026-05-05 09:26:18,944 INFO /home/it/Project/APC_Operations/frappe-bench/env/bin/bench schedule
2026-05-05 09:26:18,957 INFO /home/it/Project/APC_Operations/frappe-bench/env/bin/bench serve --port 8000
2026-05-05 09:26:18,969 INFO /home/it/Project/APC_Operations/frappe-bench/env/bin/bench worker
2026-05-05 09:26:18,973 INFO /home/it/Project/APC_Operations/frappe-bench/env/bin/bench watch
2026-05-05 12:00:02,283 INFO /home/it/Project/APC_Operations/venv/bin/bench --verbose --site all backup
2026-05-05 12:14:18,222 INFO /home/it/Project/APC_Operations/frappe-bench/env/bin/bench --site apc.local migrate
2026-05-05 12:14:30,183 INFO /home/it/Project/APC_Operations/frappe-bench/env/bin/bench --site apc.local clear-cache
2026-05-05 12:14:35,517 INFO /home/it/Project/APC_Operations/frappe-bench/env/bin/bench --site apc.local console
2026-05-05 12:14:45,025 INFO /home/it/Project/APC_Operations/frappe-bench/env/bin/bench --site apc.local console
2026-05-05 12:14:53,902 INFO /home/it/Project/APC_Operations/frappe-bench/env/bin/bench --site apc.local console
2026-05-05 12:15:02,735 INFO /home/it/Project/APC_Operations/frappe-bench/env/bin/bench --site apc.local console
2026-05-05 12:19:29,608 INFO /home/it/Project/APC_Operations/frappe-bench/env/bin/bench --site apc.local migrate
2026-05-05 12:19:40,971 INFO /home/it/Project/APC_Operations/frappe-bench/env/bin/bench --site apc.local clear-cache
2026-05-05 12:26:09,872 INFO /home/it/Project/APC_Operations/frappe-bench/env/bin/bench --site apc.local console
2026-05-05 12:26:19,127 INFO /home/it/Project/APC_Operations/frappe-bench/env/bin/bench --site apc.local console
2026-05-05 12:26:27,551 INFO /home/it/Project/APC_Operations/frappe-bench/env/bin/bench --site apc.local execute frappe.get_meta --args ['APC Sales Demand']
2026-05-05 13:06:45,800 INFO /home/it/Project/APC_Operations/frappe-bench/env/bin/bench --site apc.local mariadb -e SELECT name, job_order_number, terms_of_delivery, mode_of_transport, status, shipping_required, transport_required, shipping_booking, transport_schedule, shipping_status, transport_status, modified FROM  WHERE job_order_number='APC303525' ORDER BY modified DESC; SELECT name, job_order, cro_number, booking_status, transport_status, linked_transport, modified FROM  WHERE job_order IN (SELECT name FROM  WHERE job_order_number='APC303525') ORDER BY modified DESC; SELECT name, job_order, shipping_booking, transport_status, modified FROM  WHERE job_order IN (SELECT name FROM  WHERE job_order_number='APC303525') ORDER BY modified DESC;
2026-05-05 13:06:50,764 INFO /home/it/Project/APC_Operations/frappe-bench/env/bin/bench --site apc.local mariadb -e SELECT name, job_order_number, terms_of_delivery, mode_of_transport, status, shipping_required, transport_required, shipping_booking, transport_schedule, shipping_status, transport_status, modified FROM `tabJob Order` WHERE job_order_number='APC303525' ORDER BY modified DESC; SELECT name, job_order, cro_number, booking_status, transport_status, linked_transport, modified FROM `tabShipping Booking` WHERE job_order IN (SELECT name FROM `tabJob Order` WHERE job_order_number='APC303525') ORDER BY modified DESC; SELECT name, job_order, shipping_booking, transport_status, modified FROM `tabTransport Schedule` WHERE job_order IN (SELECT name FROM `tabJob Order` WHERE job_order_number='APC303525') ORDER BY modified DESC;
2026-05-05 13:19:33,208 INFO /home/it/Project/APC_Operations/frappe-bench/env/bin/bench --site apc.local run-tests --app apc_operations --module apc_operations.shipping.doctype.job_order.test_job_order
2026-05-05 13:21:41,169 INFO /home/it/Project/APC_Operations/frappe-bench/env/bin/bench --site apc.local run-tests --app apc_operations --module apc_operations.shipping.doctype.job_order.test_job_order
2026-05-05 13:31:25,048 INFO ./env/bin/bench --site apc.local execute frappe.db.sql --kwargs {'query': "select transport_status, count(*) from  where transport_type='Outward' and outward_type in ('Local Delivery','Tanker Delivery','Trailer Delivery') and ifnull(assigned_driver,'')='' group by transport_status", 'as_dict': 1}
2026-05-05 13:38:20,545 INFO /home/it/Project/APC_Operations/frappe-bench/env/bin/bench --site apc.local migrate
2026-05-05 13:38:31,230 INFO /home/it/Project/APC_Operations/frappe-bench/env/bin/bench --site apc.local clear-cache
2026-05-05 13:38:40,272 INFO /home/it/Project/APC_Operations/frappe-bench/env/bin/bench --site apc.local build
2026-05-05 13:54:32,077 INFO /home/it/Project/APC_Operations/frappe-bench/env/bin/bench --site apc.local migrate
2026-05-05 13:54:48,291 INFO /home/it/Project/APC_Operations/frappe-bench/env/bin/bench --site apc.local clear-cache
2026-05-05 13:54:52,313 INFO /home/it/Project/APC_Operations/frappe-bench/env/bin/bench --site apc.local build
2026-05-05 14:01:07,890 INFO /home/it/Project/APC_Operations/frappe-bench/env/bin/bench --site apc.local migrate
2026-05-05 14:01:21,687 INFO /home/it/Project/APC_Operations/frappe-bench/env/bin/bench --site apc.local clear-cache
2026-05-05 14:01:23,086 INFO /home/it/Project/APC_Operations/frappe-bench/env/bin/bench --site apc.local build --app apc_operations
2026-05-05 14:03:41,903 INFO /home/it/Project/APC_Operations/frappe-bench/env/bin/bench --site apc.local migrate
2026-05-05 14:03:56,659 INFO /home/it/Project/APC_Operations/frappe-bench/env/bin/bench --site apc.local clear-cache
2026-05-05 15:05:09,809 INFO /home/it/Project/APC_Operations/frappe-bench/env/bin/bench --site apc.local clear-cache
2026-05-05 15:12:07,236 INFO /home/it/Project/APC_Operations/frappe-bench/env/bin/bench --site apc.local clear-cache
2026-05-05 15:12:08,456 INFO /home/it/Project/APC_Operations/frappe-bench/env/bin/bench --site apc.local build --app apc_operations
2026-05-05 16:57:31,128 INFO /home/it/Project/APC_Operations/frappe-bench/env/bin/bench --site apc.local migrate
2026-05-05 16:57:45,183 INFO /home/it/Project/APC_Operations/frappe-bench/env/bin/bench --site apc.local clear-cache
2026-05-05 16:57:46,336 INFO /home/it/Project/APC_Operations/frappe-bench/env/bin/bench --site apc.local clear-website-cache
2026-05-05 16:57:50,598 INFO /home/it/Project/APC_Operations/frappe-bench/env/bin/bench --site apc.local build --app apc_operations
2026-05-05 16:58:20,253 INFO /home/it/Project/APC_Operations/frappe-bench/env/bin/bench --site apc.local build --app apc_operations
2026-05-05 16:58:22,340 INFO /home/it/Project/APC_Operations/frappe-bench/env/bin/bench --site apc.local clear-cache
2026-05-05 17:16:19,048 INFO /home/it/Project/APC_Operations/frappe-bench/env/bin/bench --site apc.local migrate
2026-05-05 17:16:39,981 INFO /home/it/Project/APC_Operations/frappe-bench/env/bin/bench --site apc.local migrate
2026-05-05 17:16:53,359 INFO /home/it/Project/APC_Operations/frappe-bench/env/bin/bench --site apc.local clear-cache
2026-05-05 17:28:24,631 INFO /home/it/Project/APC_Operations/frappe-bench/env/bin/bench --site apc.local migrate
2026-05-05 17:28:34,053 INFO /home/it/Project/APC_Operations/frappe-bench/env/bin/bench --site apc.local clear-cache
2026-05-06 08:52:16,321 INFO /home/it/Project/APC_Operations/frappe-bench/env/bin/bench start
2026-05-06 08:52:16,624 INFO /home/it/Project/APC_Operations/frappe-bench/env/bin/bench serve --port 8000
2026-05-06 08:52:16,625 INFO /home/it/Project/APC_Operations/frappe-bench/env/bin/bench schedule
2026-05-06 08:52:16,662 INFO /home/it/Project/APC_Operations/frappe-bench/env/bin/bench worker
2026-05-06 08:52:16,664 INFO /home/it/Project/APC_Operations/frappe-bench/env/bin/bench watch
2026-05-06 09:20:54,660 INFO /home/it/Project/APC_Operations/frappe-bench/env/bin/bench --site apc.local migrate
2026-05-06 09:21:08,260 INFO /home/it/Project/APC_Operations/frappe-bench/env/bin/bench --site apc.local clear-cache
2026-05-06 09:37:07,982 INFO /home/it/Project/APC_Operations/frappe-bench/env/bin/bench migrate
2026-05-06 11:00:22,771 INFO /home/it/Project/APC_Operations/frappe-bench/env/bin/bench --site apc.local clear-cache
2026-05-06 11:07:20,021 INFO /home/it/Project/APC_Operations/frappe-bench/env/bin/bench --site apc.local migrate
2026-05-06 11:07:30,056 INFO /home/it/Project/APC_Operations/frappe-bench/env/bin/bench --site apc.local clear-cache
2026-05-06 11:11:41,246 INFO /home/it/Project/APC_Operations/frappe-bench/env/bin/bench --site apc.local migrate
2026-05-06 11:11:50,657 INFO /home/it/Project/APC_Operations/frappe-bench/env/bin/bench --site apc.local clear-cache
2026-05-06 11:22:21,514 INFO /home/it/Project/APC_Operations/frappe-bench/env/bin/bench --site apc.local mariadb -e select parent, fieldname from tabDocField where parent in ('Driver','Transporter') and fieldname='phone';
2026-05-06 11:22:27,362 INFO /home/it/Project/APC_Operations/frappe-bench/env/bin/bench --site apc.local mariadb -e select fieldname from tabDocField where parent='Driver' order by idx;
2026-05-06 11:27:13,465 INFO /home/it/Project/APC_Operations/frappe-bench/env/bin/bench --site apc.local migrate
2026-05-06 11:27:23,712 INFO /home/it/Project/APC_Operations/frappe-bench/env/bin/bench --site apc.local clear-cache
2026-05-06 11:27:34,670 INFO /home/it/Project/APC_Operations/frappe-bench/env/bin/bench --site apc.local mariadb -e select name, job_order_number, status, transport_required, shipping_required, transport_status, transport_schedule from  where job_order_number='APCE1234' order by modified desc limit 3;
2026-05-06 11:27:44,772 INFO /home/it/Project/APC_Operations/frappe-bench/env/bin/bench --site apc.local mariadb -e select name, job_order_number, status, transport_required, shipping_required, transport_status, transport_schedule from `tabJob Order` where job_order_number='APCE1234' order by modified desc limit 3;
2026-05-06 11:28:22,692 INFO /home/it/Project/APC_Operations/frappe-bench/env/bin/bench --site apc.local mariadb -e select name, job_order, transport_type, outward_type, assigned_driver, transport_status from  where job_order='JO-2026-00043' order by modified desc;
2026-05-06 11:28:22,878 INFO /home/it/Project/APC_Operations/frappe-bench/env/bin/bench --site apc.local mariadb -e select name, full_name, cell_number, status from  order by modified desc limit 20;
2026-05-06 11:28:28,852 INFO /home/it/Project/APC_Operations/frappe-bench/env/bin/bench --site apc.local mariadb -e select name, job_order, transport_type, outward_type, assigned_driver, transport_status from `tabTransport Schedule` where job_order='JO-2026-00043' order by modified desc;
2026-05-06 11:28:29,271 INFO /home/it/Project/APC_Operations/frappe-bench/env/bin/bench --site apc.local mariadb -e select name, full_name, cell_number, status from `tabDriver` order by modified desc limit 20;
2026-05-06 11:28:51,653 INFO /home/it/Project/APC_Operations/frappe-bench/env/bin/bench --site apc.local clear-cache
2026-05-06 11:31:47,208 INFO /home/it/Project/APC_Operations/frappe-bench/env/bin/bench --site apc.local mariadb -e select name, doc_type, field_name, property, value from `tabProperty Setter` where doc_type='Transport Schedule' and field_name='assigned_driver';
2026-05-06 11:31:47,755 INFO /home/it/Project/APC_Operations/frappe-bench/env/bin/bench --site apc.local mariadb -e select fieldname, label, hidden, depends_on, idx from `tabDocField` where parent='Transport Schedule' and fieldname in ('assignment_section','assigned_vehicle','assigned_driver','column_break_5','transporter','driver_phone') order by idx;
2026-05-06 11:31:55,214 INFO /home/it/Project/APC_Operations/frappe-bench/env/bin/bench --site apc.local mariadb -e select fieldname, permlevel, read_only from `tabDocField` where parent='Transport Schedule' and fieldname='assigned_driver';
2026-05-06 11:32:07,087 INFO /home/it/Project/APC_Operations/frappe-bench/env/bin/bench --site apc.local mariadb -e select name, docstatus, assigned_driver, transport_status from `tabTransport Schedule` where name='TRN-2026-00044';
2026-05-06 11:32:29,140 INFO /home/it/Project/APC_Operations/frappe-bench/env/bin/bench --site apc.local migrate
2026-05-06 11:32:39,350 INFO /home/it/Project/APC_Operations/frappe-bench/env/bin/bench --site apc.local clear-cache
2026-05-06 11:36:57,155 INFO /home/it/Project/APC_Operations/frappe-bench/env/bin/bench --site apc.local migrate
2026-05-06 11:37:07,228 INFO /home/it/Project/APC_Operations/frappe-bench/env/bin/bench --site apc.local clear-cache
2026-05-06 11:42:20,828 INFO /home/it/Project/APC_Operations/frappe-bench/env/bin/bench --site apc.local clear-cache
2026-05-06 11:46:33,117 INFO /home/it/Project/APC_Operations/frappe-bench/env/bin/bench --site apc.local clear-cache
2026-05-06 11:52:46,914 INFO /home/it/Project/APC_Operations/frappe-bench/env/bin/bench --site apc.local mariadb -e select name, transport_schedule, security_status, gate_out_status, pickup_date from `tabSecurity Draft Delivery Note` where transport_schedule='TRN-2026-00044';
2026-05-06 11:52:46,919 INFO /home/it/Project/APC_Operations/frappe-bench/env/bin/bench --site apc.local mariadb -e select security_status, count(*) as c from `tabSecurity Draft Delivery Note` group by security_status order by c desc;
2026-05-06 11:52:46,922 INFO /home/it/Project/APC_Operations/frappe-bench/env/bin/bench --site apc.local mariadb -e select name, transport_status, transport_type, security_draft_delivery_note from `tabTransport Schedule` where name='TRN-2026-00044';
2026-05-06 12:00:01,557 INFO /home/it/Project/APC_Operations/venv/bin/bench --verbose --site all backup
2026-05-06 12:55:06,940 INFO /home/it/Project/APC_Operations/frappe-bench/env/bin/bench --site apc.local mariadb -e select name, security_inspection, qc_status, docstatus, creation from `tabQC Report Request` where security_inspection='SEC-INS-2026-00047' order by creation desc;
2026-05-06 12:55:06,940 INFO /home/it/Project/APC_Operations/frappe-bench/env/bin/bench --site apc.local mariadb -e select name, security_status, qc_status, qc_report_request, loading_delivery_note, docstatus from `tabSecurity Inspection` where name='SEC-INS-2026-00047';
2026-05-06 13:35:58,530 INFO /home/it/Project/APC_Operations/frappe-bench/env/bin/bench --site apc.local mariadb -e select count(*) as c from `tabLoading Delivery Note` where delivery_note_status not in ('Completed','Cancelled');
2026-05-06 13:35:58,530 INFO /home/it/Project/APC_Operations/frappe-bench/env/bin/bench --site apc.local mariadb -e select name, security_inspection, delivery_note_status, qc_status, receivables_status, creation from `tabLoading Delivery Note` order by creation desc limit 10;
2026-05-06 13:35:58,541 INFO /home/it/Project/APC_Operations/frappe-bench/env/bin/bench --site apc.local mariadb -e select name, security_status, qc_status, loading_delivery_note from `tabSecurity Inspection` where name='SEC-INS-2026-00047';
2026-05-06 13:38:51,585 INFO /home/it/Project/APC_Operations/frappe-bench/env/bin/bench --site apc.local clear-cache
2026-05-06 15:20:27,810 INFO /home/it/Project/APC_Operations/frappe-bench/env/bin/bench --site apc.local mariadb -e show columns from `tabItem` like 'item_name';
2026-05-06 15:20:50,569 INFO /home/it/Project/APC_Operations/frappe-bench/env/bin/bench --site apc.local mariadb -e select doc_type, field_name, property, value from `tabProperty Setter` where value='item_name' or (property in ('title_field','search_fields') and value like '%item_name%');
2026-05-06 15:21:14,817 INFO /home/it/Project/APC_Operations/frappe-bench/env/bin/bench --site apc.local mariadb -e show columns from `tabAPC Batch` like 'product_name'; show columns from `tabAPC Batch` like 'item_name';
2026-05-06 15:32:25,695 INFO /home/it/Project/APC_Operations/frappe-bench/env/bin/bench --site apc.local mariadb -e select name, qc_status, delivery_note_status, qc_report_request, security_inspection from `tabLoading Delivery Note` where name='LDN-2026-00050';
2026-05-06 15:32:26,377 INFO /home/it/Project/APC_Operations/frappe-bench/env/bin/bench --site apc.local mariadb -e select name, qc_status, security_inspection, loading_delivery_note from `tabQC Report Request` where loading_delivery_note='LDN-2026-00050' or security_inspection='SEC-INS-2026-00047';
2026-05-06 15:42:51,189 INFO /home/it/Project/APC_Operations/frappe-bench/env/bin/bench --site apc.local clear-cache
2026-05-06 15:42:52,385 INFO /home/it/Project/APC_Operations/frappe-bench/env/bin/bench --site apc.local clear-website-cache
2026-05-06 16:10:01,537 INFO /home/it/Project/APC_Operations/frappe-bench/env/bin/bench --site apc.local mariadb -e select fieldname from `tabDocField` where parent='Driver' and fieldname in ('driver_name','full_name','phone','cell_number');
2026-05-06 16:21:14,473 INFO /home/it/Project/APC_Operations/frappe-bench/env/bin/bench --site apc.local mariadb -e select name, docstatus, transport_status from `tabTransport Schedule` where name='TRN-2026-00044'; select name, docstatus, security_status, qc_report_request, loading_delivery_note from `tabSecurity Inspection` where transportation_request='TRN-2026-00044' order by modified desc;
2026-05-06 17:09:14,219 INFO /home/it/Project/APC_Operations/frappe-bench/env/bin/bench --site apc.local mariadb -e select name, docstatus, loading_time, inspection_time, security_status, loading_delivery_note from `tabSecurity Inspection` where name='SEC-INS-2026-00047-1';
2026-05-06 17:12:30,716 INFO /home/it/Project/APC_Operations/frappe-bench/env/bin/bench --site apc.local mariadb -e select fieldname, allow_on_submit, fetch_from, default_value from `tabDocField` where parent='Security Inspection' and fieldname in ('loading_time','loading_date','inspection_time');
2026-05-06 17:12:41,127 INFO /home/it/Project/APC_Operations/frappe-bench/env/bin/bench --site apc.local mariadb -e select fieldname, allow_on_submit, fetch_from from `tabDocField` where parent='Security Inspection' and fieldname in ('loading_time','loading_date','inspection_time');
2026-05-06 17:23:49,233 INFO /home/it/Project/APC_Operations/frappe-bench/env/bin/bench --site apc.local mariadb -e select name, security_inspection, qc_status, creation from `tabQC Report Request` order by creation desc limit 5;
2026-05-06 17:23:49,248 INFO /home/it/Project/APC_Operations/frappe-bench/env/bin/bench --site apc.local mariadb -e select name, security_status, qc_status, loading_delivery_note, qc_report_request, batch_allocation from `tabSecurity Inspection` where name in ('SEC-INS-2026-00047','SEC-INS-2026-00047-1');
2026-05-06 17:30:32,292 INFO /home/it/Project/APC_Operations/frappe-bench/env/bin/bench --site apc.local mariadb -e show columns from `tabAPC Sales Demand` like 'job_order'; show columns from `tabAPC Sales Demand` like 'custom_job_order';
2026-05-06 17:30:32,292 INFO /home/it/Project/APC_Operations/frappe-bench/env/bin/bench --site apc.local mariadb -e select name, fieldname, fieldtype, options, insert_after from `tabCustom Field` where dt='APC Sales Demand' and fieldname in ('job_order','custom_job_order');
2026-05-06 17:33:37,994 INFO /home/it/Project/APC_Operations/frappe-bench/env/bin/bench --site apc.local clear-cache
2026-05-06 17:33:39,216 INFO /home/it/Project/APC_Operations/frappe-bench/env/bin/bench --site apc.local clear-website-cache
2026-05-06 17:33:48,642 INFO /home/it/Project/APC_Operations/frappe-bench/env/bin/bench --site apc.local mariadb -e show columns from `tabAPC Sales Demand` where Field in ('job_order','custom_job_order');
2026-05-06 17:36:31,072 INFO /home/it/Project/APC_Operations/frappe-bench/env/bin/bench --site apc.local migrate
2026-05-06 17:36:49,407 INFO /home/it/Project/APC_Operations/frappe-bench/env/bin/bench --site apc.local clear-cache
2026-05-06 17:36:51,197 INFO /home/it/Project/APC_Operations/frappe-bench/env/bin/bench --site apc.local clear-website-cache
2026-05-07 08:40:01,185 INFO /home/it/Project/APC_Operations/frappe-bench/env/bin/bench start
2026-05-07 08:40:01,650 INFO /home/it/Project/APC_Operations/frappe-bench/env/bin/bench watch
2026-05-07 08:40:01,656 INFO /home/it/Project/APC_Operations/frappe-bench/env/bin/bench serve --port 8000
2026-05-07 08:40:01,661 INFO /home/it/Project/APC_Operations/frappe-bench/env/bin/bench worker
2026-05-07 08:40:01,671 INFO /home/it/Project/APC_Operations/frappe-bench/env/bin/bench schedule
2026-05-07 12:00:01,592 INFO /home/it/Project/APC_Operations/venv/bin/bench --verbose --site all backup
2026-05-07 21:09:40,186 INFO /home/it/Project/APC_Operations/frappe-bench/env/bin/bench start
2026-05-07 21:09:40,658 INFO /home/it/Project/APC_Operations/frappe-bench/env/bin/bench schedule
2026-05-07 21:09:40,658 INFO /home/it/Project/APC_Operations/frappe-bench/env/bin/bench watch
2026-05-07 21:09:40,663 INFO /home/it/Project/APC_Operations/frappe-bench/env/bin/bench serve --port 8000
2026-05-07 21:09:40,668 INFO /home/it/Project/APC_Operations/frappe-bench/env/bin/bench worker
2026-05-07 23:17:38,356 INFO /home/it/Project/APC_Operations/frappe-bench/env/bin/bench --site apc.local migrate
2026-05-07 23:17:52,177 INFO /home/it/Project/APC_Operations/frappe-bench/env/bin/bench start
2026-05-07 23:17:52,430 INFO /home/it/Project/APC_Operations/frappe-bench/env/bin/bench serve --port 8000
2026-05-07 23:17:52,439 INFO /home/it/Project/APC_Operations/frappe-bench/env/bin/bench worker
2026-05-07 23:17:52,450 INFO /home/it/Project/APC_Operations/frappe-bench/env/bin/bench schedule
2026-05-07 23:17:52,457 INFO /home/it/Project/APC_Operations/frappe-bench/env/bin/bench watch
2026-05-07 23:19:54,256 INFO /home/it/Project/APC_Operations/frappe-bench/env/bin/bench start
2026-05-07 23:19:54,498 INFO /home/it/Project/APC_Operations/frappe-bench/env/bin/bench serve --port 8000
2026-05-07 23:19:54,507 INFO /home/it/Project/APC_Operations/frappe-bench/env/bin/bench schedule
2026-05-07 23:19:54,519 INFO /home/it/Project/APC_Operations/frappe-bench/env/bin/bench watch
2026-05-07 23:19:54,523 INFO /home/it/Project/APC_Operations/frappe-bench/env/bin/bench worker
2026-05-07 23:24:51,129 INFO /home/it/Project/APC_Operations/frappe-bench/env/bin/bench --site apc.local migrate
2026-05-07 23:25:46,578 INFO /home/it/Project/APC_Operations/frappe-bench/env/bin/bench start
2026-05-07 23:25:46,802 INFO /home/it/Project/APC_Operations/frappe-bench/env/bin/bench serve --port 8000
2026-05-07 23:25:46,806 INFO /home/it/Project/APC_Operations/frappe-bench/env/bin/bench watch
2026-05-07 23:25:46,815 INFO /home/it/Project/APC_Operations/frappe-bench/env/bin/bench schedule
2026-05-07 23:25:46,824 INFO /home/it/Project/APC_Operations/frappe-bench/env/bin/bench worker
2026-05-07 23:26:52,909 INFO ./env/bin/bench --site apc.local clear-cache
2026-05-07 23:27:03,663 INFO ./env/bin/bench --site apc.local console
2026-05-07 23:33:22,936 INFO ./env/bin/bench --site apc.local console
2026-05-07 23:33:27,964 INFO ./env/bin/bench --site apc.local clear-cache
2026-05-07 23:36:25,976 INFO ./env/bin/bench --site apc.local console
2026-05-07 23:36:30,757 INFO ./env/bin/bench --site apc.local clear-cache
2026-05-07 23:41:09,768 INFO ./env/bin/bench --site apc.local console
2026-05-07 23:41:17,089 INFO ./env/bin/bench --site apc.local console
2026-05-07 23:41:22,194 INFO ./env/bin/bench --site apc.local clear-cache
2026-05-08 00:00:01,724 INFO /home/it/Project/APC_Operations/venv/bin/bench --verbose --site all backup
2026-05-08 09:24:45,005 INFO /home/it/Project/APC_Operations/frappe-bench/env/bin/bench start
2026-05-08 09:24:45,344 INFO /home/it/Project/APC_Operations/frappe-bench/env/bin/bench serve --port 8000
2026-05-08 09:24:45,355 INFO /home/it/Project/APC_Operations/frappe-bench/env/bin/bench schedule
2026-05-08 09:24:45,365 INFO /home/it/Project/APC_Operations/frappe-bench/env/bin/bench worker
2026-05-08 09:24:45,372 INFO /home/it/Project/APC_Operations/frappe-bench/env/bin/bench watch
2026-05-08 11:40:28,354 INFO /home/it/Project/APC_Operations/frappe-bench/env/bin/bench start
2026-05-08 11:40:28,592 INFO /home/it/Project/APC_Operations/frappe-bench/env/bin/bench schedule
2026-05-08 11:40:28,597 INFO /home/it/Project/APC_Operations/frappe-bench/env/bin/bench serve --port 8000
2026-05-08 11:40:28,602 INFO /home/it/Project/APC_Operations/frappe-bench/env/bin/bench watch
2026-05-08 11:40:28,621 INFO /home/it/Project/APC_Operations/frappe-bench/env/bin/bench worker
2026-05-08 12:00:01,465 INFO /home/it/Project/APC_Operations/venv/bin/bench --verbose --site all backup
2026-05-08 12:29:56,891 INFO /home/it/Project/APC_Operations/frappe-bench/env/bin/bench --site apc.local migrate
2026-05-08 12:41:28,072 INFO /home/it/Project/APC_Operations/frappe-bench/env/bin/bench --site apc.local clear-cache
2026-05-08 12:41:32,778 INFO /home/it/Project/APC_Operations/frappe-bench/env/bin/bench start
2026-05-08 12:41:33,018 INFO /home/it/Project/APC_Operations/frappe-bench/env/bin/bench watch
2026-05-08 12:41:33,030 INFO /home/it/Project/APC_Operations/frappe-bench/env/bin/bench schedule
2026-05-08 12:41:33,032 INFO /home/it/Project/APC_Operations/frappe-bench/env/bin/bench serve --port 8000
2026-05-08 12:41:33,057 INFO /home/it/Project/APC_Operations/frappe-bench/env/bin/bench worker
2026-05-08 12:58:13,767 INFO /home/it/Project/APC_Operations/frappe-bench/env/bin/bench --site apc.local migrate
2026-05-08 12:58:21,935 INFO /home/it/Project/APC_Operations/frappe-bench/env/bin/bench --site apc.local clear-cache
2026-05-08 12:58:23,074 INFO /home/it/Project/APC_Operations/frappe-bench/env/bin/bench --site apc.local clear-website-cache
2026-05-09 09:23:29,883 INFO /home/it/Project/APC_Operations/frappe-bench/env/bin/bench start
2026-05-09 09:23:30,189 INFO /home/it/Project/APC_Operations/frappe-bench/env/bin/bench watch
2026-05-09 09:23:30,190 INFO /home/it/Project/APC_Operations/frappe-bench/env/bin/bench serve --port 8000
2026-05-09 09:23:30,199 INFO /home/it/Project/APC_Operations/frappe-bench/env/bin/bench schedule
2026-05-09 09:23:30,201 INFO /home/it/Project/APC_Operations/frappe-bench/env/bin/bench worker
2026-05-09 10:22:25,791 INFO /home/it/Project/APC_Operations/frappe-bench/env/bin/bench --site apc.local execute frappe.client.get_list --kwargs {'doctype':'Job Order','filters':{'job_order_number':'SSPL2021'},'fields':['name','job_order_number','status','transport_required','transport_status','transport_schedule','booking_requirement','mode_of_transport','terms_of_delivery','date'],'limit_page_length':20}
2026-05-09 10:22:29,981 INFO /home/it/Project/APC_Operations/frappe-bench/env/bin/bench --site apc.local execute frappe.client.get --kwargs {'doctype':'Transport Schedule','name':'TRN-2026-00098'}
2026-05-09 10:22:34,298 INFO /home/it/Project/APC_Operations/frappe-bench/env/bin/bench --site apc.local execute apc_operations.shipping.api.get_transportation_dashboard_data
2026-05-09 10:22:41,318 INFO /home/it/Project/APC_Operations/frappe-bench/env/bin/bench --site apc.local execute frappe.client.get_list --kwargs {'doctype':'Transport Schedule','filters':{'transport_type':'Outward','outward_type':['in',['Local Delivery','Tanker Delivery','Trailer Delivery']]},'fields':['name','job_order_number','job_order','scheduled_pickup_date','transport_status','outward_type'],'order_by':'scheduled_pickup_date asc','limit_page_length':100}
2026-05-09 10:28:20,528 INFO /home/it/Project/APC_Operations/frappe-bench/env/bin/bench --site apc.local execute apc_operations.shipping.api.get_transportation_dashboard_data
2026-05-09 10:28:31,014 INFO /home/it/Project/APC_Operations/frappe-bench/env/bin/bench --site apc.local execute apc_operations.shipping.api.get_transportation_dashboard_data
2026-05-09 10:30:54,991 INFO /home/it/Project/APC_Operations/frappe-bench/env/bin/bench --site apc.local execute apc_operations.shipping.api.get_transportation_dashboard_data
2026-05-09 10:30:59,951 INFO /home/it/Project/APC_Operations/frappe-bench/env/bin/bench --site apc.local execute apc_operations.shipping.api.get_transportation_dashboard_data
2026-05-09 11:34:35,057 INFO /home/it/Project/APC_Operations/frappe-bench/env/bin/bench --site apc.local execute import frappe; print([d.fieldname for d in frappe.get_meta('Driver').fields])
2026-05-09 11:34:44,212 INFO /home/it/Project/APC_Operations/frappe-bench/env/bin/bench --site apc.local execute frappe.client.get_list --kwargs {'doctype':'DocField','filters':{'parent':'Driver'},'fields':['fieldname','label'],'limit_page_length':200,'order_by':'idx asc'}
2026-05-09 11:34:51,585 INFO /home/it/Project/APC_Operations/frappe-bench/env/bin/bench --site apc.local execute frappe.db.get_all --kwargs {'doctype':'DocField','filters':{'parent':'Driver'},'fields':['fieldname','label'],'limit':200,'order_by':'idx asc'}
2026-05-09 11:34:56,151 INFO /home/it/Project/APC_Operations/frappe-bench/env/bin/bench --site apc.local execute frappe.db.get_value --kwargs {'doctype':'DocType','filters':'Driver','fieldname':['name','module','custom','autoname','title_field','search_fields','show_title_field_in_link'] }
2026-05-09 11:49:55,621 INFO /home/it/Project/APC_Operations/frappe-bench/env/bin/bench --site apc.local execute frappe.db.get_all --kwargs {'doctype':'DocField','filters':{'parent':'Driver','fieldname':['in',['full_name','cell_number','license_number']]},'fields':['fieldname','fieldtype'] }
2026-05-09 12:00:02,261 INFO /home/it/Project/APC_Operations/venv/bin/bench --verbose --site all backup
2026-05-09 12:15:01,915 INFO /home/it/Project/APC_Operations/frappe-bench/env/bin/bench --site apc.local execute apc_operations.shipping.doctype.driver.driver.get_active_drivers
2026-05-09 12:15:01,916 INFO /home/it/Project/APC_Operations/frappe-bench/env/bin/bench --site apc.local execute apc_operations.shipping.api.get_transportation_dashboard_data
2026-05-09 13:26:29,787 INFO /home/it/Project/APC_Operations/frappe-bench/env/bin/bench --site apc.local migrate
2026-05-09 13:35:50,335 INFO /home/it/Project/APC_Operations/frappe-bench/env/bin/bench --site apc.local execute frappe.db.get_all --kwargs {'doctype':'DocField','filters':{'parent':'Security Draft Delivery Note','fieldname':['in',['assignment_section','vehicle','driver','transporter']]},'fields':['fieldname','label','hidden','read_only','fetch_from','depends_on','permlevel','in_list_view'],'order_by':'idx asc'}
2026-05-09 15:19:15,363 INFO /home/it/Project/APC_Operations/frappe-bench/env/bin/bench --site apc.local execute frappe.db.get_value --kwargs {'doctype':'Security Draft Delivery Note','filters':'SDDN-2026-00100','fieldname':['name','transport_schedule','customer','vehicle','driver','transporter']}
2026-05-09 15:19:20,302 INFO /home/it/Project/APC_Operations/frappe-bench/env/bin/bench --site apc.local execute frappe.db.get_value --kwargs {'doctype':'Transport Schedule','filters':'TRN-2026-00098','fieldname':['assigned_vehicle','assigned_driver','transporter','delivery_location']}
2026-05-09 15:20:29,957 INFO /home/it/Project/APC_Operations/frappe-bench/env/bin/bench --site apc.local execute frappe.db.sql --kwargs {'query':'select a.name from  a inner join  dl on dl.parent=a.name and dl.parenttype=%(pt)s where dl.link_doctype=%(ld)s and dl.link_name=%(ln)s order by ifnull(a.is_primary_address,0) desc limit 1','values':{'pt':'Address','ld':'Customer','ln':'Velencia Cosmetic Manufacturing LLC'}}
2026-05-09 15:22:14,154 INFO /home/it/Project/APC_Operations/frappe-bench/env/bin/bench migrate
2026-05-09 15:28:57,906 INFO /home/it/Project/APC_Operations/frappe-bench/env/bin/bench --site apc.local migrate
2026-05-09 15:29:10,943 INFO /home/it/Project/APC_Operations/frappe-bench/env/bin/bench start
2026-05-09 15:29:11,221 INFO /home/it/Project/APC_Operations/frappe-bench/env/bin/bench schedule
2026-05-09 15:29:11,226 INFO /home/it/Project/APC_Operations/frappe-bench/env/bin/bench watch
2026-05-09 15:29:11,230 INFO /home/it/Project/APC_Operations/frappe-bench/env/bin/bench serve --port 8000
2026-05-09 15:29:11,242 INFO /home/it/Project/APC_Operations/frappe-bench/env/bin/bench worker
2026-05-09 15:39:13,975 INFO /home/it/Project/APC_Operations/frappe-bench/env/bin/bench --site apc.local migrate
2026-05-09 17:04:01,773 INFO /home/it/Project/APC_Operations/frappe-bench/env/bin/bench start
2026-05-09 17:04:02,167 INFO /home/it/Project/APC_Operations/frappe-bench/env/bin/bench worker
2026-05-09 17:04:02,172 INFO /home/it/Project/APC_Operations/frappe-bench/env/bin/bench watch
2026-05-09 17:04:02,176 INFO /home/it/Project/APC_Operations/frappe-bench/env/bin/bench serve --port 8000
2026-05-09 17:04:02,183 INFO /home/it/Project/APC_Operations/frappe-bench/env/bin/bench schedule
2026-05-11 09:25:39,406 INFO /home/it/Project/APC_Operations/frappe-bench/env/bin/bench start
2026-05-11 09:25:39,729 INFO /home/it/Project/APC_Operations/frappe-bench/env/bin/bench schedule
2026-05-11 09:25:39,732 INFO /home/it/Project/APC_Operations/frappe-bench/env/bin/bench serve --port 8000
2026-05-11 09:25:39,740 INFO /home/it/Project/APC_Operations/frappe-bench/env/bin/bench watch
2026-05-11 09:25:39,751 INFO /home/it/Project/APC_Operations/frappe-bench/env/bin/bench worker
2026-05-11 10:14:03,417 INFO /home/it/Project/APC_Operations/frappe-bench/env/bin/bench console
2026-05-11 12:00:02,152 INFO /home/it/Project/APC_Operations/venv/bin/bench --verbose --site all backup
2026-05-12 09:31:14,607 INFO /home/it/Project/APC_Operations/frappe-bench/env/bin/bench start
2026-05-12 09:31:14,913 INFO /home/it/Project/APC_Operations/frappe-bench/env/bin/bench watch
2026-05-12 09:31:14,921 INFO /home/it/Project/APC_Operations/frappe-bench/env/bin/bench schedule
2026-05-12 09:31:14,930 INFO /home/it/Project/APC_Operations/frappe-bench/env/bin/bench serve --port 8000
2026-05-12 09:31:14,953 INFO /home/it/Project/APC_Operations/frappe-bench/env/bin/bench worker
2026-05-12 11:30:40,075 INFO /home/it/Project/APC_Operations/frappe-bench/env/bin/bench --site apc.local migrate
2026-05-12 11:31:32,378 INFO /home/it/Project/APC_Operations/frappe-bench/env/bin/bench --site apc.local clear-cache
2026-05-12 11:31:33,695 INFO /home/it/Project/APC_Operations/frappe-bench/env/bin/bench --site apc.local clear-website-cache
2026-05-12 11:31:42,410 INFO /home/it/Project/APC_Operations/frappe-bench/env/bin/bench build --app apc_operations
2026-05-12 11:31:57,899 INFO /home/it/Project/APC_Operations/frappe-bench/env/bin/bench --site apc.local run-tests --module apc_operations.tests.test_transportation_api
2026-05-12 11:32:04,397 INFO /home/it/Project/APC_Operations/frappe-bench/env/bin/bench --site apc.local run-tests --module apc_operations.tests.test_shipping_console_api
2026-05-12 11:32:06,403 INFO /home/it/Project/APC_Operations/frappe-bench/env/bin/bench --site apc.local run-tests --module apc_operations.tests.test_security_console_api
2026-05-12 11:32:08,508 INFO /home/it/Project/APC_Operations/frappe-bench/env/bin/bench --site apc.local run-tests --module apc_operations.tests.test_qc_console_api
2026-05-12 11:32:42,193 INFO /home/it/Project/APC_Operations/frappe-bench/env/bin/bench --site apc.local run-tests --module apc_operations.tests.test_qc_console_api
2026-05-12 11:32:50,895 INFO /home/it/Project/APC_Operations/frappe-bench/env/bin/bench --site apc.local execute frappe.client.get_list --kwargs {"doctype": "Page", "filters": {"name": ["in", ["transportation-console", "shipping-console", "security-console", "qc-console"]]}, "fields": ["name", "module", "title"]}
2026-05-12 11:32:57,688 INFO /home/it/Project/APC_Operations/frappe-bench/env/bin/bench --site apc.local execute frappe.client.get_list --kwargs {"doctype": "Module Def", "filters": {"name": "Quality"}, "fields": ["name", "app_name"]}
2026-05-12 11:32:58,413 INFO /home/it/Project/APC_Operations/frappe-bench/env/bin/bench --site apc.local execute frappe.client.get_list --kwargs {"doctype": "Page", "filters": {"name": ["in", ["shipping-dashboard-legacy", "security-dashboard-legacy", "job-dashboard-legacy"]]}, "fields": ["name", "title"]}
2026-05-12 11:33:05,741 INFO /home/it/Project/APC_Operations/frappe-bench/env/bin/bench --site apc.local execute apc_operations.transportation.api.get_transportation_pending_counts
2026-05-12 11:33:06,497 INFO /home/it/Project/APC_Operations/frappe-bench/env/bin/bench --site apc.local execute apc_operations.shipping.api.get_pending_bookings
2026-05-12 11:33:07,229 INFO /home/it/Project/APC_Operations/frappe-bench/env/bin/bench --site apc.local execute apc_operations.security.api.get_pending_security_delivery_draft_notes
2026-05-12 11:33:07,986 INFO /home/it/Project/APC_Operations/frappe-bench/env/bin/bench --site apc.local execute apc_operations.quality.api.get_pending_qc_items
2026-05-12 12:00:01,382 INFO /home/it/Project/APC_Operations/venv/bin/bench --verbose --site all backup
2026-05-12 12:19:44,310 INFO /home/it/Project/APC_Operations/frappe-bench/env/bin/bench --site apc.local execute frappe.client.delete --kwargs {"doctype": "Page", "name": "job-dashboard-legacy"}
2026-05-12 12:19:50,530 INFO /home/it/Project/APC_Operations/frappe-bench/env/bin/bench --site apc.local migrate
2026-05-12 12:20:00,788 INFO /home/it/Project/APC_Operations/frappe-bench/env/bin/bench --site apc.local clear-cache
2026-05-12 12:20:01,990 INFO /home/it/Project/APC_Operations/frappe-bench/env/bin/bench build --app apc_operations
2026-05-12 12:20:11,084 INFO /home/it/Project/APC_Operations/frappe-bench/env/bin/bench --site apc.local execute frappe.client.get_list --kwargs {"doctype": "Page", "filters": {"name": ["in", ["job-dashboard", "job-dashboard-legacy"]]}, "fields": ["name", "title", "module"]}
2026-05-12 12:34:41,155 INFO /home/it/Project/APC_Operations/frappe-bench/env/bin/bench --site apc.local clear-cache
2026-05-12 12:34:42,299 INFO /home/it/Project/APC_Operations/frappe-bench/env/bin/bench build --app apc_operations
2026-05-12 12:34:44,182 INFO /home/it/Project/APC_Operations/frappe-bench/env/bin/bench --site apc.local execute apc_operations.transportation.api.get_local_delivery_list
2026-05-12 14:11:38,885 INFO /home/it/Project/APC_Operations/frappe-bench/env/bin/bench build --app apc_operations
2026-05-12 14:11:44,538 INFO /home/it/Project/APC_Operations/frappe-bench/env/bin/bench --site apc.local clear-cache
2026-05-12 15:27:06,073 INFO /home/it/Project/APC_Operations/frappe-bench/env/bin/bench --site apc.local migrate
2026-05-12 15:27:27,085 INFO /home/it/Project/APC_Operations/frappe-bench/env/bin/bench --site apc.local clear-cache
2026-05-12 15:27:28,757 INFO /home/it/Project/APC_Operations/frappe-bench/env/bin/bench --site apc.local execute frappe.client.get_list --kwargs {'doctype': 'Transport Schedule', 'filters': {'transport_type': 'Outward', 'transport_status': 'Pending Assignment'}, 'fields': ['name','job_order','transport_status','outward_type']}
2026-05-12 15:27:37,180 INFO /home/it/Project/APC_Operations/frappe-bench/env/bin/bench --site apc.local console
2026-05-12 15:27:54,033 INFO /home/it/Project/APC_Operations/frappe-bench/env/bin/bench --site apc.local console
2026-05-12 15:56:06,309 INFO /home/it/Project/APC_Operations/frappe-bench/env/bin/bench build --app apc_operations
2026-05-12 15:56:08,366 INFO /home/it/Project/APC_Operations/frappe-bench/env/bin/bench --site apc.local clear-cache
2026-05-12 15:56:18,022 INFO /home/it/Project/APC_Operations/frappe-bench/env/bin/bench --site apc.local console
2026-05-12 15:56:23,719 INFO /home/it/Project/APC_Operations/frappe-bench/env/bin/bench --site apc.local execute apc_operations.transportation.api.get_transport_schedule_booking_detail --args ["TRN-2026-00106"]
2026-05-12 16:31:09,013 INFO /home/it/Project/APC_Operations/frappe-bench/env/bin/bench --site apc.local execute apc_operations.transportation.api.get_transport_schedule_booking_detail --args ["TRN-2026-00124"]
2026-05-12 16:31:17,998 INFO /home/it/Project/APC_Operations/frappe-bench/env/bin/bench --site apc.local execute frappe.client.set_value --args ["Transport Schedule", "TRN-2026-00124", "transport_charges", 1000]
2026-05-12 16:31:29,365 INFO /home/it/Project/APC_Operations/frappe-bench/env/bin/bench --site apc.local clear-cache
2026-05-12 16:38:18,262 INFO /home/it/Project/APC_Operations/frappe-bench/env/bin/bench build --app apc_operations
2026-05-12 16:38:23,731 INFO /home/it/Project/APC_Operations/frappe-bench/env/bin/bench --site apc.local clear-cache
2026-05-12 16:38:34,508 INFO /home/it/Project/APC_Operations/frappe-bench/env/bin/bench --site apc.local execute frappe.db.get_value --kwargs {"doctype":"Security Draft Delivery Note","filters":{}}
2026-05-12 16:38:35,163 INFO /home/it/Project/APC_Operations/frappe-bench/env/bin/bench --site apc.local execute apc_operations.security.api.get_security_delivery_draft_note_detail --kwargs {"name": ""SDDN-2026-00125""}
2026-05-12 16:38:40,754 INFO /home/it/Project/APC_Operations/frappe-bench/env/bin/bench --site apc.local execute frappe.db.get_list --kwargs {"doctype": "Security Draft Delivery Note", "limit": 3, "order_by": "modified desc"}
2026-05-12 16:38:45,182 INFO /home/it/Project/APC_Operations/frappe-bench/env/bin/bench --site apc.local execute apc_operations.security.api.get_security_delivery_draft_note_detail --kwargs {'name': 'SDDN-2026-00125'}
2026-05-12 16:38:51,852 INFO /home/it/Project/APC_Operations/frappe-bench/env/bin/bench --site apc.local execute apc_operations.security.api.save_security_checklist --kwargs {'name': 'SDDN-2026-00125', 'checklist': '[{"checklist_item":"A-1 Vehicle parked in designated area","required":1,"completed":1,"remarks":"OK"},{"checklist_item":"A-4 Vehicle number recorded","required":1,"completed":1,"remarks":"DXB-1234"}]'}
2026-05-12 16:39:03,544 INFO /home/it/Project/APC_Operations/frappe-bench/env/bin/bench --site apc.local execute apc_operations.security.api.verify_security_delivery_draft_note --kwargs {'name': 'SDDN-2026-00125', 'checks': '{"truck_verified":1,"driver_verified":1,"container_verified":1}', 'checklist': '[{"checklist_item":"A-1 Vehicle parked in designated area","required":1,"completed":1}]'}
2026-05-12 16:39:17,341 INFO /home/it/Project/APC_Operations/frappe-bench/env/bin/bench --site apc.local execute apc_operations.security.api.verify_security_delivery_draft_note --kwargs {'name': 'SDDN-2026-00125', 'checks': '{"truck_verified":1,"driver_verified":1,"container_verified":1}'}
2026-05-12 16:39:35,807 INFO /home/it/Project/APC_Operations/frappe-bench/env/bin/bench --site apc.local console
2026-05-12 16:39:46,707 INFO /home/it/Project/APC_Operations/frappe-bench/env/bin/bench --site apc.local execute frappe.utils.execute_in_shell --args ['cat /tmp/test_verify.py']
2026-05-12 16:39:47,354 INFO /home/it/Project/APC_Operations/frappe-bench/env/bin/bench --site apc.local execute frappe.utils.execute_in_shell --args ['python3 /tmp/run_test.py']
2026-05-12 16:40:00,542 INFO /home/it/Project/APC_Operations/frappe-bench/env/bin/bench --site apc.local execute frappe.db.get_list --kwargs {'doctype': 'Security Checklist', 'filters': {'parent': 'SEC-INS-2026-00127', 'completed': 1}, 'fields': ['checklist_item', 'completed', 'remarks']}
2026-05-12 16:40:05,617 INFO /home/it/Project/APC_Operations/frappe-bench/env/bin/bench --site apc.local execute frappe.db.get_list --kwargs {'doctype': 'Security Checklist', 'filters': {'parent': 'SEC-INS-2026-00127'}, 'fields': ['checklist_item', 'completed', 'remarks'], 'limit': 5, 'order_by': 'idx asc'}
2026-05-12 16:40:14,106 INFO /home/it/Project/APC_Operations/frappe-bench/env/bin/bench --site apc.local execute frappe.get_all --kwargs {'doctype': 'Security Checklist', 'filters': {'parent': 'SEC-INS-2026-00127', 'completed': 1}, 'fields': ['checklist_item', 'completed', 'remarks']}
2026-05-12 20:21:31,329 INFO /home/it/Project/APC_Operations/frappe-bench/env/bin/bench start
2026-05-12 20:21:31,842 INFO /home/it/Project/APC_Operations/frappe-bench/env/bin/bench worker
2026-05-12 20:21:31,847 INFO /home/it/Project/APC_Operations/frappe-bench/env/bin/bench serve --port 8000
2026-05-12 20:21:31,848 INFO /home/it/Project/APC_Operations/frappe-bench/env/bin/bench watch
2026-05-12 20:21:31,858 INFO /home/it/Project/APC_Operations/frappe-bench/env/bin/bench schedule
2026-05-13 12:16:32,377 INFO /home/it/Project/APC_Operations/frappe-bench/env/bin/bench start
2026-05-13 12:16:32,854 INFO /home/it/Project/APC_Operations/frappe-bench/env/bin/bench watch
2026-05-13 12:16:32,854 INFO /home/it/Project/APC_Operations/frappe-bench/env/bin/bench schedule
2026-05-13 12:16:32,857 INFO /home/it/Project/APC_Operations/frappe-bench/env/bin/bench serve --port 8000
2026-05-13 12:16:32,863 INFO /home/it/Project/APC_Operations/frappe-bench/env/bin/bench worker
2026-05-13 14:10:35,699 INFO /home/it/Project/APC_Operations/frappe-bench/env/bin/bench --site apc.local run-tests --module apc_operations.tests.test_qc_console_api
2026-05-13 14:10:49,249 INFO /home/it/Project/APC_Operations/frappe-bench/env/bin/bench build --app apc_operations
2026-05-13 15:28:06,508 INFO /home/it/Project/APC_Operations/frappe-bench/env/bin/bench start
2026-05-13 15:28:06,731 INFO /home/it/Project/APC_Operations/frappe-bench/env/bin/bench serve --port 8000
2026-05-13 15:28:06,734 INFO /home/it/Project/APC_Operations/frappe-bench/env/bin/bench watch
2026-05-13 15:28:06,742 INFO /home/it/Project/APC_Operations/frappe-bench/env/bin/bench worker
2026-05-13 15:28:06,752 INFO /home/it/Project/APC_Operations/frappe-bench/env/bin/bench schedule
2026-05-13 18:00:02,570 INFO /home/it/Project/APC_Operations/venv/bin/bench --verbose --site all backup
2026-05-14 09:08:08,554 INFO /home/it/Project/APC_Operations/frappe-bench/env/bin/bench start
2026-05-14 09:08:08,868 INFO /home/it/Project/APC_Operations/frappe-bench/env/bin/bench serve --port 8000
2026-05-14 09:08:08,878 INFO /home/it/Project/APC_Operations/frappe-bench/env/bin/bench schedule
2026-05-14 09:08:08,878 INFO /home/it/Project/APC_Operations/frappe-bench/env/bin/bench watch
2026-05-14 09:08:08,882 INFO /home/it/Project/APC_Operations/frappe-bench/env/bin/bench worker
2026-05-14 09:49:47,179 INFO /home/it/Project/APC_Operations/frappe-bench/env/bin/bench --site apc.local migrate
2026-05-14 10:15:19,482 INFO /home/it/Project/APC_Operations/frappe-bench/env/bin/bench --site apc.local migrate
2026-05-14 10:15:33,227 INFO /home/it/Project/APC_Operations/frappe-bench/env/bin/bench --site apc.local run-tests --app apc_operations --module apc_operations.tests.test_transportation_api
2026-05-14 10:39:14,346 INFO /home/it/Project/APC_Operations/frappe-bench/env/bin/bench --site apc.local build --app apc_operations
2026-05-14 10:39:25,462 INFO /home/it/Project/APC_Operations/frappe-bench/env/bin/bench --site apc.local run-tests --app apc_operations --module apc_operations.tests.test_security_console_api
2026-05-14 10:46:34,912 INFO /home/it/Project/APC_Operations/frappe-bench/env/bin/bench --site apc.local migrate
2026-05-14 11:41:55,950 INFO /home/it/Project/APC_Operations/frappe-bench/env/bin/bench --site apc.local run-tests --app apc_operations --module apc_operations.tests.test_qc_console_api
2026-05-14 11:50:58,165 INFO /home/it/Project/APC_Operations/frappe-bench/env/bin/bench --site apc.local build
2026-05-14 11:51:24,590 INFO /home/it/Project/APC_Operations/frappe-bench/env/bin/bench migrate
2026-05-14 12:00:01,850 INFO /home/it/Project/APC_Operations/venv/bin/bench --verbose --site all backup
2026-05-14 14:18:44,121 INFO /home/it/Project/APC_Operations/frappe-bench/env/bin/bench --site apc.local run-tests --doctype Job Order
2026-05-14 14:18:56,253 INFO /home/it/Project/APC_Operations/frappe-bench/env/bin/bench --site apc.local run-tests --module apc_operations.shipping.doctype.job_order.test_job_order
2026-05-14 15:59:18,438 INFO /home/it/Project/APC_Operations/frappe-bench/env/bin/bench migrate
2026-05-14 17:23:42,074 INFO /home/it/Project/APC_Operations/frappe-bench/env/bin/bench --site apc.local migrate
2026-05-14 17:24:05,857 INFO /home/it/Project/APC_Operations/frappe-bench/env/bin/bench --site apc.local migrate
2026-05-14 17:24:32,232 INFO /home/it/Project/APC_Operations/frappe-bench/env/bin/bench --site apc.local run-tests --module apc_operations.shipping.doctype.job_order.test_job_order
2026-05-14 17:24:39,468 INFO /home/it/Project/APC_Operations/frappe-bench/env/bin/bench --site apc.local run-tests --module apc_operations.shipping.doctype.shipping_booking.test_shipping_booking
2026-05-14 17:24:41,986 INFO /home/it/Project/APC_Operations/frappe-bench/env/bin/bench --site apc.local run-tests --module apc_operations.tests.test_transportation_api
2026-05-15 11:54:44,777 INFO /home/it/Project/APC_Operations/frappe-bench/env/bin/bench start
2026-05-15 11:54:45,140 INFO /home/it/Project/APC_Operations/frappe-bench/env/bin/bench schedule
2026-05-15 11:54:45,150 INFO /home/it/Project/APC_Operations/frappe-bench/env/bin/bench serve --port 8000
2026-05-15 11:54:45,159 INFO /home/it/Project/APC_Operations/frappe-bench/env/bin/bench worker
2026-05-15 11:54:45,159 INFO /home/it/Project/APC_Operations/frappe-bench/env/bin/bench watch
2026-05-15 12:00:02,190 INFO /home/it/Project/APC_Operations/venv/bin/bench --verbose --site all backup
2026-05-15 14:02:30,507 INFO /home/it/Project/APC_Operations/frappe-bench/env/bin/bench --site apc.local migrate
2026-05-15 14:02:43,120 INFO /home/it/Project/APC_Operations/frappe-bench/env/bin/bench --site apc.local run-tests --module apc_operations.shipping.doctype.job_order.test_job_order --module apc_operations.shipping.doctype.shipping_booking.test_shipping_booking --module apc_operations.tests.test_transportation_api
2026-05-15 14:02:50,834 INFO /home/it/Project/APC_Operations/frappe-bench/env/bin/bench --site apc.local run-tests --module apc_operations.tests.test_transportation_api
2026-05-15 14:03:09,336 INFO /home/it/Project/APC_Operations/frappe-bench/env/bin/bench --site apc.local run-tests --module apc_operations.tests.test_transportation_api --module apc_operations.shipping.doctype.job_order.test_job_order --module apc_operations.shipping.doctype.shipping_booking.test_shipping_booking
2026-05-15 14:03:16,158 INFO /home/it/Project/APC_Operations/frappe-bench/env/bin/bench --site apc.local run-tests --doctype Job Order
2026-05-15 14:03:25,972 INFO /home/it/Project/APC_Operations/frappe-bench/env/bin/bench --site apc.local run-tests --module apc_operations.shipping.doctype.job_order.test_job_order
2026-05-15 14:03:29,030 INFO /home/it/Project/APC_Operations/frappe-bench/env/bin/bench --site apc.local run-tests --module apc_operations.shipping.doctype.shipping_booking.test_shipping_booking
2026-05-15 14:03:31,627 INFO /home/it/Project/APC_Operations/frappe-bench/env/bin/bench --site apc.local run-tests --module apc_operations.tests.test_transportation_api
2026-05-15 14:03:40,863 INFO /home/it/Project/APC_Operations/frappe-bench/env/bin/bench --site apc.local run-tests --module apc_operations.tests.test_transportation_api --test test_update_inward_import_tracking_on_placeholder_shipping_booking
2026-05-15 14:03:43,427 INFO /home/it/Project/APC_Operations/frappe-bench/env/bin/bench --site apc.local run-tests --module apc_operations.shipping.doctype.job_order.test_job_order --test test_import_sea_job_order_requires_ports --test test_import_placeholder_shipping_booking_uses_tracking_status
2026-05-15 14:03:45,969 INFO /home/it/Project/APC_Operations/frappe-bench/env/bin/bench --site apc.local run-tests --module apc_operations.shipping.doctype.shipping_booking.test_shipping_booking --test test_import_tracking_booking_save_without_export_fields
2026-05-15 14:03:52,119 INFO /home/it/Project/APC_Operations/frappe-bench/env/bin/bench --site apc.local clear-cache
2026-05-15 14:42:01,713 INFO /home/it/Project/APC_Operations/frappe-bench/env/bin/bench --site apc.local run-tests --module apc_operations.tests.test_transportation_api --test test_update_inward_import_tracking_on_placeholder_shipping_booking
2026-05-15 14:42:09,058 INFO /home/it/Project/APC_Operations/frappe-bench/env/bin/bench --site apc.local run-tests --module apc_operations.tests.test_transportation_api --test test_update_inward_import_tracking_on_placeholder_shipping_booking
2026-05-15 17:30:19,449 INFO /home/it/Project/APC_Operations/frappe-bench/env/bin/bench --site apc.local migrate
2026-05-15 17:30:32,121 INFO /home/it/Project/APC_Operations/frappe-bench/env/bin/bench --site apc.local run-tests --module apc_operations.tests.test_transportation_api --test test_update_inward_import_tracking_on_placeholder_shipping_booking
2026-05-15 17:30:39,555 INFO /home/it/Project/APC_Operations/frappe-bench/env/bin/bench --site apc.local clear-cache
2026-05-15 19:23:36,711 INFO /home/it/Project/APC_Operations/frappe-bench/env/bin/bench starty
2026-05-15 19:23:38,925 INFO /home/it/Project/APC_Operations/frappe-bench/env/bin/bench start
2026-05-15 19:23:39,239 INFO /home/it/Project/APC_Operations/frappe-bench/env/bin/bench watch
2026-05-15 19:23:39,242 INFO /home/it/Project/APC_Operations/frappe-bench/env/bin/bench serve --port 8000
2026-05-15 19:23:39,245 INFO /home/it/Project/APC_Operations/frappe-bench/env/bin/bench schedule
2026-05-15 19:23:39,252 INFO /home/it/Project/APC_Operations/frappe-bench/env/bin/bench worker
2026-05-15 22:48:10,894 INFO /home/it/Project/APC_Operations/frappe-bench/env/bin/bench --site apc.local migrate
2026-05-15 22:48:22,587 INFO /home/it/Project/APC_Operations/frappe-bench/env/bin/bench --site apc.local run-tests --app apc_operations --module apc_operations.tests.test_delivery_order_console
2026-05-15 22:48:22,899 INFO /home/it/Project/APC_Operations/frappe-bench/env/bin/bench --site apc.local run-tests --app apc_operations --module apc_operations.tests.test_qc_console_api
2026-05-15 23:57:56,131 INFO /home/it/Project/APC_Operations/frappe-bench/env/bin/bench --site apc.local migrate
2026-05-15 23:58:05,864 INFO /home/it/Project/APC_Operations/frappe-bench/env/bin/bench --site apc.local run-tests --app apc_operations --module apc_operations.tests.test_delivery_order_console
2026-05-15 23:58:11,924 INFO /home/it/Project/APC_Operations/frappe-bench/env/bin/bench --site apc.local run-tests --app apc_operations --module apc_operations.tests.test_delivery_order_console
2026-05-16 00:00:01,877 INFO /home/it/Project/APC_Operations/venv/bin/bench --verbose --site all backup
2026-05-16 00:01:59,329 INFO /home/it/Project/APC_Operations/frappe-bench/env/bin/bench --site apc.local migrate
2026-05-16 00:02:07,959 INFO /home/it/Project/APC_Operations/frappe-bench/env/bin/bench --site apc.local clear-cache
2026-05-16 00:36:02,501 INFO /home/it/Project/APC_Operations/frappe-bench/env/bin/bench --site apc.local build --app apc_operations
2026-05-16 00:36:04,642 INFO /home/it/Project/APC_Operations/frappe-bench/env/bin/bench --site apc.local run-tests --app apc_operations --module apc_operations.tests.test_qc_spec
2026-05-16 00:36:07,539 INFO /home/it/Project/APC_Operations/frappe-bench/env/bin/bench --site apc.local run-tests --app apc_operations --module apc_operations.tests.test_delivery_order_console
2026-05-16 09:37:26,790 INFO /home/it/Project/APC_Operations/frappe-bench/env/bin/bench start
2026-05-16 09:37:27,093 INFO /home/it/Project/APC_Operations/frappe-bench/env/bin/bench serve --port 8000
2026-05-16 09:37:27,099 INFO /home/it/Project/APC_Operations/frappe-bench/env/bin/bench worker
2026-05-16 09:37:27,110 INFO /home/it/Project/APC_Operations/frappe-bench/env/bin/bench schedule
2026-05-16 09:37:27,113 INFO /home/it/Project/APC_Operations/frappe-bench/env/bin/bench watch
2026-05-16 12:00:02,216 INFO /home/it/Project/APC_Operations/venv/bin/bench --verbose --site all backup
2026-05-16 16:24:02,956 INFO /home/it/Project/APC_Operations/frappe-bench/env/bin/bench start
2026-05-16 16:24:03,231 INFO /home/it/Project/APC_Operations/frappe-bench/env/bin/bench serve --port 8000
2026-05-16 16:24:03,247 INFO /home/it/Project/APC_Operations/frappe-bench/env/bin/bench schedule
2026-05-16 16:24:03,250 INFO /home/it/Project/APC_Operations/frappe-bench/env/bin/bench worker
2026-05-16 16:24:03,256 INFO /home/it/Project/APC_Operations/frappe-bench/env/bin/bench watch
2026-05-17 20:40:06,697 INFO /home/it/Project/APC_Operations/frappe-bench/env/bin/bench start
2026-05-17 20:40:07,067 INFO /home/it/Project/APC_Operations/frappe-bench/env/bin/bench serve --port 8000
2026-05-17 20:40:07,071 INFO /home/it/Project/APC_Operations/frappe-bench/env/bin/bench worker
2026-05-17 20:40:07,080 INFO /home/it/Project/APC_Operations/frappe-bench/env/bin/bench watch
2026-05-17 20:40:07,081 INFO /home/it/Project/APC_Operations/frappe-bench/env/bin/bench schedule
2026-05-18 09:06:32,338 INFO /home/it/Project/APC_Operations/frappe-bench/env/bin/bench start
2026-05-18 09:06:32,775 INFO /home/it/Project/APC_Operations/frappe-bench/env/bin/bench watch
2026-05-18 09:06:32,777 INFO /home/it/Project/APC_Operations/frappe-bench/env/bin/bench worker
2026-05-18 09:06:32,790 INFO /home/it/Project/APC_Operations/frappe-bench/env/bin/bench schedule
2026-05-18 09:06:32,795 INFO /home/it/Project/APC_Operations/frappe-bench/env/bin/bench serve --port 8000
2026-05-18 12:00:01,466 INFO /home/it/Project/APC_Operations/venv/bin/bench --verbose --site all backup
2026-05-19 16:08:58,355 INFO /home/it/Project/APC_Operations/frappe-bench/env/bin/bench --site apc.local migrate
2026-05-19 16:09:33,232 INFO /home/it/Project/APC_Operations/frappe-bench/env/bin/bench --site apc.local migrate
2026-05-19 16:12:57,528 INFO /home/it/Project/APC_Operations/frappe-bench/env/bin/bench --site apc.local migrate
2026-05-19 16:13:56,071 INFO /home/it/Project/APC_Operations/frappe-bench/env/bin/bench --site apc.local run-tests --module apc_operations.tests.test_batch_allocation
2026-05-19 16:14:07,789 INFO /home/it/Project/APC_Operations/frappe-bench/env/bin/bench --site apc.local execute frappe.client.get_list --kwargs {"doctype":"Item Group","fields":["name"],"limit_page_length":50}
2026-05-19 16:14:19,443 INFO /home/it/Project/APC_Operations/frappe-bench/env/bin/bench --site apc.local execute frappe.client.get_list --kwargs {"doctype":"Item Group","fields":["name","parent_item_group"],"filters":{"name":["like","Prod%"]},"limit_page_length":50}
2026-05-19 16:14:43,701 INFO /home/it/Project/APC_Operations/frappe-bench/env/bin/bench --site apc.local execute frappe.client.get_count --kwargs {"doctype":"Customer","filters":{"name":"_Test Customer"}}
2026-05-19 16:14:51,121 INFO /home/it/Project/APC_Operations/frappe-bench/env/bin/bench --site apc.local console
2026-05-19 16:15:11,189 INFO /home/it/Project/APC_Operations/frappe-bench/env/bin/bench --site apc.local run-tests --module apc_operations.tests.test_batch_allocation --test test_resolves_product_and_qty_from_job_order_item
2026-05-19 16:15:32,358 INFO /home/it/Project/APC_Operations/frappe-bench/env/bin/bench --site apc.local run-tests --module apc_operations.tests.test_batch_allocation --test test_resolves_product_and_qty_from_job_order_item
2026-05-19 16:15:39,213 INFO /home/it/Project/APC_Operations/frappe-bench/env/bin/bench --site apc.local run-tests --module apc_operations.tests.test_batch_allocation --test test_resolver_is_noop_when_already_provided
2026-05-19 16:24:07,582 INFO /home/it/Project/APC_Operations/frappe-bench/env/bin/bench --site apc.local migrate
2026-05-19 16:25:23,439 INFO /home/it/Project/APC_Operations/frappe-bench/env/bin/bench --site apc.local clear-cache
2026-05-19 16:25:25,132 INFO /home/it/Project/APC_Operations/frappe-bench/env/bin/bench --site apc.local run-tests --module apc_operations.tests.test_option_b_schema
2026-05-19 16:25:37,820 INFO /home/it/Project/APC_Operations/frappe-bench/env/bin/bench --site apc.local run-tests --module apc_operations.tests.test_batch_allocation --test test_resolves_product_and_qty_from_job_order_item
2026-05-19 16:25:42,738 INFO /home/it/Project/APC_Operations/frappe-bench/env/bin/bench --site apc.local run-tests --module apc_operations.tests.test_batch_allocation --test test_resolver_is_noop_when_already_provided
2026-05-19 16:28:55,127 INFO /home/it/Project/APC_Operations/frappe-bench/env/bin/bench --site apc.local migrate
2026-05-19 16:29:15,260 INFO /home/it/Project/APC_Operations/frappe-bench/env/bin/bench --site apc.local run-tests --module apc_operations.tests.test_fifo_dashboard
2026-05-19 16:29:55,203 INFO /home/it/Project/APC_Operations/frappe-bench/env/bin/bench --site apc.local execute frappe.client.get_count --kwargs {"doctype":"DocType","filters":{"name":["like","APC Dispatch%"]}}
2026-05-19 16:34:57,096 INFO /home/it/Project/APC_Operations/frappe-bench/env/bin/bench --site apc.local migrate
2026-05-19 16:36:02,197 INFO /home/it/Project/APC_Operations/frappe-bench/env/bin/bench --site apc.local clear-cache
2026-05-19 16:36:04,873 INFO /home/it/Project/APC_Operations/frappe-bench/env/bin/bench --site apc.local run-tests --module apc_operations.tests.test_pre_check_clearance
2026-05-19 16:36:24,805 INFO /home/it/Project/APC_Operations/frappe-bench/env/bin/bench --site apc.local run-tests --module apc_operations.tests.test_pre_check_clearance
2026-05-19 16:42:01,475 INFO /home/it/Project/APC_Operations/frappe-bench/env/bin/bench --site apc.local migrate
2026-05-19 16:43:11,104 INFO /home/it/Project/APC_Operations/frappe-bench/env/bin/bench --site apc.local clear-cache
2026-05-19 16:43:12,892 INFO /home/it/Project/APC_Operations/frappe-bench/env/bin/bench --site apc.local run-tests --module apc_operations.tests.test_gate_enforcement
2026-05-19 16:43:31,269 INFO /home/it/Project/APC_Operations/frappe-bench/env/bin/bench --site apc.local run-tests --module apc_operations.tests.test_gate_enforcement
2026-05-19 16:43:56,836 INFO /home/it/Project/APC_Operations/frappe-bench/env/bin/bench --site apc.local run-tests --module apc_operations.tests.test_pre_check_clearance --test test_submit_creates_pre_check
2026-05-19 16:47:30,398 INFO /home/it/Project/APC_Operations/frappe-bench/env/bin/bench --site apc.local clear-cache
2026-05-19 16:47:32,311 INFO /home/it/Project/APC_Operations/frappe-bench/env/bin/bench --site apc.local run-tests --module apc_operations.tests.test_zoho_dispatch_sync
2026-05-19 16:47:53,902 INFO /home/it/Project/APC_Operations/frappe-bench/env/bin/bench --site apc.local run-tests --module apc_operations.tests.test_zoho_dispatch_sync
2026-05-19 16:51:48,563 INFO /home/it/Project/APC_Operations/frappe-bench/env/bin/bench --site apc.local migrate
2026-05-19 16:52:58,467 INFO /home/it/Project/APC_Operations/frappe-bench/env/bin/bench --site apc.local run-tests --module apc_operations.tests.test_consoles
2026-05-19 16:53:20,467 INFO /home/it/Project/APC_Operations/frappe-bench/env/bin/bench --site apc.local run-tests --module apc_operations.tests.test_consoles
2026-05-19 16:53:31,753 INFO /home/it/Project/APC_Operations/frappe-bench/env/bin/bench --site apc.local clear-cache
2026-05-19 16:53:33,366 INFO /home/it/Project/APC_Operations/frappe-bench/env/bin/bench build --app apc_operations
2026-05-19 16:53:41,568 INFO /home/it/Project/APC_Operations/frappe-bench/env/bin/bench --site apc.local run-tests --app apc_operations
2026-05-19 16:54:12,694 INFO /home/it/Project/APC_Operations/frappe-bench/env/bin/bench --site apc.local execute frappe.reload_doc --args ['apc_operations', 'doctype', 'apc_dispatch_batch_detail']
2026-05-19 16:54:34,779 INFO /home/it/Project/APC_Operations/frappe-bench/env/bin/bench --site apc.local console
2026-05-19 16:54:44,394 INFO /home/it/Project/APC_Operations/frappe-bench/env/bin/bench --site apc.local console
2026-05-19 16:54:58,027 INFO /home/it/Project/APC_Operations/frappe-bench/env/bin/bench --site apc.local console
2026-05-19 16:55:05,587 INFO /home/it/Project/APC_Operations/frappe-bench/env/bin/bench --site apc.local run-tests --app apc_operations
2026-05-19 16:55:40,166 INFO /home/it/Project/APC_Operations/frappe-bench/env/bin/bench --site apc.local run-tests --module apc_operations.tests.test_batch_allocation
2026-05-19 16:55:44,721 INFO /home/it/Project/APC_Operations/frappe-bench/env/bin/bench --site apc.local run-tests --module apc_operations.tests.test_option_b_schema
2026-05-19 16:55:49,686 INFO /home/it/Project/APC_Operations/frappe-bench/env/bin/bench --site apc.local run-tests --module apc_operations.tests.test_fifo_dashboard
2026-05-19 16:55:54,161 INFO /home/it/Project/APC_Operations/frappe-bench/env/bin/bench --site apc.local run-tests --module apc_operations.tests.test_pre_check_clearance
2026-05-19 16:55:59,617 INFO /home/it/Project/APC_Operations/frappe-bench/env/bin/bench --site apc.local run-tests --module apc_operations.tests.test_gate_enforcement
2026-05-19 16:56:06,534 INFO /home/it/Project/APC_Operations/frappe-bench/env/bin/bench --site apc.local run-tests --module apc_operations.tests.test_zoho_dispatch_sync
2026-05-19 16:56:11,903 INFO /home/it/Project/APC_Operations/frappe-bench/env/bin/bench --site apc.local run-tests --module apc_operations.tests.test_consoles
2026-05-19 16:56:25,737 INFO /home/it/Project/APC_Operations/frappe-bench/env/bin/bench --site apc.local run-tests --module apc_operations.tests.test_batch_allocation
2026-05-19 16:56:37,647 INFO /home/it/Project/APC_Operations/frappe-bench/env/bin/bench --site apc.local run-tests --module apc_operations.tests.test_batch_allocation
2026-05-19 20:15:36,874 INFO /home/it/Project/APC_Operations/frappe-bench/env/bin/bench start
2026-05-19 20:15:37,278 INFO /home/it/Project/APC_Operations/frappe-bench/env/bin/bench serve --port 8000
2026-05-19 20:15:37,287 INFO /home/it/Project/APC_Operations/frappe-bench/env/bin/bench watch
2026-05-19 20:15:37,296 INFO /home/it/Project/APC_Operations/frappe-bench/env/bin/bench worker
2026-05-19 20:15:37,309 INFO /home/it/Project/APC_Operations/frappe-bench/env/bin/bench schedule
2026-05-19 20:35:26,142 INFO /home/it/Project/APC_Operations/frappe-bench/env/bin/bench start
2026-05-19 20:35:26,391 INFO /home/it/Project/APC_Operations/frappe-bench/env/bin/bench serve --port 8000
2026-05-19 20:35:26,395 INFO /home/it/Project/APC_Operations/frappe-bench/env/bin/bench watch
2026-05-19 20:35:26,399 INFO /home/it/Project/APC_Operations/frappe-bench/env/bin/bench schedule
2026-05-19 20:35:26,402 INFO /home/it/Project/APC_Operations/frappe-bench/env/bin/bench worker
2026-05-20 09:31:15,890 INFO /home/it/Project/APC_Operations/frappe-bench/env/bin/bench start
2026-05-20 09:31:16,198 INFO /home/it/Project/APC_Operations/frappe-bench/env/bin/bench serve --port 8000
2026-05-20 09:31:16,202 INFO /home/it/Project/APC_Operations/frappe-bench/env/bin/bench worker
2026-05-20 09:31:16,204 INFO /home/it/Project/APC_Operations/frappe-bench/env/bin/bench schedule
2026-05-20 09:31:16,223 INFO /home/it/Project/APC_Operations/frappe-bench/env/bin/bench watch
2026-05-20 12:00:01,978 INFO /home/it/Project/APC_Operations/venv/bin/bench --verbose --site all backup
2026-05-20 16:41:19,927 INFO /home/it/Project/APC_Operations/frappe-bench/env/bin/bench start
2026-05-20 16:41:20,227 INFO /home/it/Project/APC_Operations/frappe-bench/env/bin/bench watch
2026-05-20 16:41:20,228 INFO /home/it/Project/APC_Operations/frappe-bench/env/bin/bench serve --port 8000
2026-05-20 16:41:20,252 INFO /home/it/Project/APC_Operations/frappe-bench/env/bin/bench worker
2026-05-20 16:41:20,258 INFO /home/it/Project/APC_Operations/frappe-bench/env/bin/bench schedule
2026-05-21 09:20:00,467 INFO /home/it/Project/APC_Operations/frappe-bench/env/bin/bench start
2026-05-21 09:20:00,761 INFO /home/it/Project/APC_Operations/frappe-bench/env/bin/bench schedule
2026-05-21 09:20:00,762 INFO /home/it/Project/APC_Operations/frappe-bench/env/bin/bench watch
2026-05-21 09:20:00,782 INFO /home/it/Project/APC_Operations/frappe-bench/env/bin/bench worker
2026-05-21 09:20:00,785 INFO /home/it/Project/APC_Operations/frappe-bench/env/bin/bench serve --port 8000
2026-05-21 10:55:35,960 INFO /home/it/Project/APC_Operations/frappe-bench/env/bin/bench --site apc.local execute import frappe; print(frappe.db.get_all('Page', filters={'name': ['in', ['shipping-dashboard', 'shipping-dashboard-legacy', 'transportation-console']]}, fields=['name', 'module', 'title']))
2026-05-21 10:55:42,479 INFO /home/it/Project/APC_Operations/frappe-bench/env/bin/bench --site apc.local execute frappe.db.get_all --kwargs {"doctype": "Page", "filters": {"name": ["in", ["shipping-dashboard", "shipping-dashboard-legacy", "transportation-console"]]}, "fields": ["name", "module", "title"]}
2026-05-21 10:55:47,027 INFO /home/it/Project/APC_Operations/frappe-bench/env/bin/bench --site apc.local execute frappe.db.sql --kwargs {"query": "SELECT name, label, link_to, type FROM `tabWorkspace Shortcut` WHERE link_to LIKE %s", "values": ["%dashboard%"]}
2026-05-21 10:55:47,861 INFO /home/it/Project/APC_Operations/frappe-bench/env/bin/bench --site apc.local execute frappe.db.get_value --kwargs {"doctype": "User", "filters": {"name": "Administrator"}, "fieldname": ["home_page", "default_workspace"]}
2026-05-21 10:55:53,623 INFO /home/it/Project/APC_Operations/frappe-bench/env/bin/bench --site apc.local execute frappe.db.sql --kwargs {"query": "SELECT parent, label, link_to, type FROM `tabWorkspace Shortcut` WHERE parent = %s", "values": ["Transportation"]}
2026-05-21 10:55:54,917 INFO /home/it/Project/APC_Operations/frappe-bench/env/bin/bench --site apc.local execute frappe.db.sql --kwargs {"query": "SELECT parent, label, link_to FROM `tabWorkspace Shortcut` WHERE link_to = %s", "values": ["shipping-dashboard"]}
2026-05-21 10:56:13,014 INFO /home/it/Project/APC_Operations/frappe-bench/env/bin/bench --site apc.local execute frappe.db.sql --kwargs {"query": "SELECT parent, label, link_to FROM `tabWorkspace Shortcut` WHERE link_to = %s", "values": ["transportation-console"]}
2026-05-21 10:56:18,764 INFO /home/it/Project/APC_Operations/frappe-bench/env/bin/bench --site apc.local execute frappe.db.sql --kwargs {"query": "SELECT name, content FROM `tabWorkspace` WHERE name IN (%s, %s)", "values": ["Transportation", "Transportation-Administrator"]}
2026-05-21 10:56:33,956 INFO /home/it/Project/APC_Operations/frappe-bench/env/bin/bench --site apc.local execute frappe.db.get_all --kwargs {"doctype": "Page", "filters": {"name": ["like", "%dashboard%"]}, "fields": ["name", "module", "title"]}
2026-05-21 11:22:20,487 INFO /home/it/Project/APC_Operations/frappe-bench/env/bin/bench --site apc.local execute frappe.db.get_value --kwargs {"doctype": "Loading Delivery Note", "name": "LDN-2026-00219", "fieldname": ["delivery_note_status", "qc_status", "qc_report_request", "job_order", "security_draft_delivery_note"]}
2026-05-21 11:30:14,111 INFO /home/it/Project/APC_Operations/frappe-bench/env/bin/bench --site apc.local migrate
2026-05-21 11:30:26,942 INFO /home/it/Project/APC_Operations/frappe-bench/env/bin/bench --site apc.local run-tests --module apc_operations.tests.test_security_console_api
2026-05-21 11:30:27,917 INFO /home/it/Project/APC_Operations/frappe-bench/env/bin/bench --site apc.local clear-cache
2026-05-21 11:30:29,164 INFO /home/it/Project/APC_Operations/frappe-bench/env/bin/bench build --app apc_operations
2026-05-21 11:30:35,483 INFO /home/it/Project/APC_Operations/frappe-bench/env/bin/bench --site apc.local run-tests --module apc_operations.tests.test_security_console_api
2026-05-21 11:30:41,785 INFO /home/it/Project/APC_Operations/frappe-bench/env/bin/bench --site apc.local execute frappe.db.get_value --kwargs {"doctype": "Loading Delivery Note", "filters": {"name": "LDN-2026-00219"}, "fieldname": ["delivery_note_status", "qc_status", "qc_report_request"]}
2026-05-21 12:00:01,464 INFO /home/it/Project/APC_Operations/venv/bin/bench --verbose --site all backup
2026-05-21 13:03:57,812 INFO /home/it/Project/APC_Operations/frappe-bench/env/bin/bench --site apc.local migrate
2026-05-21 13:04:21,706 INFO /home/it/Project/APC_Operations/frappe-bench/env/bin/bench --site apc.local migrate
2026-05-21 13:04:36,910 INFO /home/it/Project/APC_Operations/frappe-bench/env/bin/bench --site apc.local migrate
2026-05-21 13:05:16,897 INFO /home/it/Project/APC_Operations/frappe-bench/env/bin/bench --site apc.local execute frappe.db.sql --args "SHOW COLUMNS FROM `tabDelivery Order` LIKE 'operational_status'"
2026-05-21 13:05:22,806 INFO /home/it/Project/APC_Operations/frappe-bench/env/bin/bench --site apc.local mariadb --execute SHOW COLUMNS FROM `tabDelivery Order` LIKE 'operational_status'; SHOW COLUMNS FROM `tabDelivery Order` LIKE 'planned_quantity'; SHOW COLUMNS FROM `tabDelivery Order` LIKE 'gate_entry_no';
2026-05-21 13:05:32,701 INFO /home/it/Project/APC_Operations/frappe-bench/env/bin/bench --site apc.local mariadb --execute 
SHOW COLUMNS FROM `tabSecurity Inspection` LIKE 'loading_bay';
SHOW COLUMNS FROM `tabSecurity Inspection` LIKE 'weighbridge_slip_no';
SHOW COLUMNS FROM `tabSecurity Inspection` LIKE 'truck_arrived_notified_qc';
SHOW COLUMNS FROM `tabPre-Check Clearance` LIKE 'batch_no';
SHOW COLUMNS FROM `tabPre-Check Clearance` LIKE 'qc_pre_check_status';
SHOW COLUMNS FROM `tabLoading Delivery Note` LIKE 'weight_variance_qty';
SHOW COLUMNS FROM `tabLoading Delivery Note` LIKE 'final_qc_clearance';
SHOW COLUMNS FROM `tabLoading Delivery Note` LIKE 'security_final_check';
SHOW COLUMNS FROM `tabGate Pass` LIKE 'loading_delivery_note';
SHOW COLUMNS FROM `tabGate Pass` LIKE 'transport_schedule';
SHOW COLUMNS FROM `tabGate Pass` LIKE 'gate_in_time';

2026-05-21 13:05:38,061 INFO /home/it/Project/APC_Operations/frappe-bench/env/bin/bench --site apc.local clear-cache
2026-05-21 13:05:39,175 INFO /home/it/Project/APC_Operations/frappe-bench/env/bin/bench --site apc.local clear-website-cache
2026-05-21 13:14:29,026 INFO /home/it/Project/APC_Operations/frappe-bench/env/bin/bench --site apc.local run-tests --app apc_operations --module apc_operations.tests.test_dispatch_validation_service
2026-05-21 13:14:41,874 INFO /home/it/Project/APC_Operations/frappe-bench/env/bin/bench --site apc.local run-tests --app apc_operations --module apc_operations.tests.test_dispatch_validation_service
2026-05-21 13:18:23,310 INFO /home/it/Project/APC_Operations/frappe-bench/env/bin/bench --site apc.local run-tests --app apc_operations --module apc_operations.tests.test_dispatch_lifecycle_service
2026-05-21 13:18:36,801 INFO /home/it/Project/APC_Operations/frappe-bench/env/bin/bench --site apc.local run-tests --app apc_operations --module apc_operations.tests.test_dispatch_lifecycle_service
2026-05-21 13:18:42,747 INFO /home/it/Project/APC_Operations/frappe-bench/env/bin/bench --site apc.local run-tests --app apc_operations --module apc_operations.tests.test_dispatch_validation_service
2026-05-21 13:18:57,396 INFO /home/it/Project/APC_Operations/frappe-bench/env/bin/bench --site apc.local run-tests --app apc_operations --module apc_operations.tests.test_dispatch_validation_service
2026-05-21 13:20:34,249 INFO /home/it/Project/APC_Operations/frappe-bench/env/bin/bench --site apc.local run-tests --app apc_operations --module apc_operations.tests.test_security_dispatch_workflow
2026-05-21 13:20:48,125 INFO /home/it/Project/APC_Operations/frappe-bench/env/bin/bench --site apc.local run-tests --app apc_operations --module apc_operations.tests.test_security_dispatch_workflow
2026-05-21 13:20:55,498 INFO /home/it/Project/APC_Operations/frappe-bench/env/bin/bench --site apc.local run-tests --app apc_operations --module apc_operations.tests.test_security_dispatch_workflow
2026-05-21 13:21:02,538 INFO /home/it/Project/APC_Operations/frappe-bench/env/bin/bench --site apc.local run-tests --app apc_operations --module apc_operations.tests.test_gate_enforcement
2026-05-21 13:27:54,868 INFO /home/it/Project/APC_Operations/frappe-bench/env/bin/bench --site apc.local run-tests --app apc_operations --module apc_operations.tests.test_qc_dispatch_workflow
2026-05-21 13:28:14,175 INFO /home/it/Project/APC_Operations/frappe-bench/env/bin/bench --site apc.local run-tests --app apc_operations --module apc_operations.tests.test_qc_dispatch_workflow
2026-05-21 13:32:51,032 INFO /home/it/Project/APC_Operations/frappe-bench/env/bin/bench --site apc.local run-tests --app apc_operations --module apc_operations.tests.test_loading_delivery_note_weight_variance
2026-05-21 13:33:03,398 INFO /home/it/Project/APC_Operations/frappe-bench/env/bin/bench --site apc.local run-tests --app apc_operations --module apc_operations.tests.test_loading_delivery_note_weight_variance
2026-05-21 13:33:08,639 INFO /home/it/Project/APC_Operations/frappe-bench/env/bin/bench --site apc.local run-tests --app apc_operations --module apc_operations.tests.test_dispatch_validation_service --module apc_operations.tests.test_dispatch_lifecycle_service --module apc_operations.tests.test_security_dispatch_workflow
2026-05-21 13:33:20,759 INFO /home/it/Project/APC_Operations/frappe-bench/env/bin/bench --site apc.local run-tests --app apc_operations --module apc_operations.tests.test_loading_delivery_note_weight_variance --module apc_operations.tests.test_dispatch_validation_service --module apc_operations.tests.test_dispatch_lifecycle_service --module apc_operations.tests.test_security_dispatch_workflow
2026-05-21 13:33:27,008 INFO /home/it/Project/APC_Operations/frappe-bench/env/bin/bench --site apc.local run-tests --app apc_operations --module apc_operations.tests.test_security_dispatch_workflow
2026-05-21 13:33:30,750 INFO /home/it/Project/APC_Operations/frappe-bench/env/bin/bench --site apc.local run-tests --app apc_operations --module apc_operations.tests.test_dispatch_validation_service
2026-05-21 13:33:39,372 INFO /home/it/Project/APC_Operations/frappe-bench/env/bin/bench --site apc.local run-tests --app apc_operations --module apc_operations.tests.test_dispatch_validation_service
2026-05-21 13:35:47,540 INFO /home/it/Project/APC_Operations/frappe-bench/env/bin/bench --site apc.local run-tests --app apc_operations --module apc_operations.tests.test_confirm_dispatch_validation
2026-05-21 13:35:56,610 INFO /home/it/Project/APC_Operations/frappe-bench/env/bin/bench --site apc.local run-tests --app apc_operations --module apc_operations.tests.test_confirm_dispatch_validation
2026-05-21 13:36:15,915 INFO /home/it/Project/APC_Operations/frappe-bench/env/bin/bench --site apc.local run-tests --app apc_operations --module apc_operations.tests.test_confirm_dispatch_validation
2026-05-21 13:36:21,616 INFO /home/it/Project/APC_Operations/frappe-bench/env/bin/bench --site apc.local run-tests --app apc_operations --module apc_operations.tests.test_confirm_dispatch_validation
2026-05-21 13:36:38,190 INFO /home/it/Project/APC_Operations/frappe-bench/env/bin/bench --site apc.local run-tests --app apc_operations --module apc_operations.tests.test_confirm_dispatch_validation
2026-05-21 13:36:41,356 INFO /home/it/Project/APC_Operations/frappe-bench/env/bin/bench --site apc.local run-tests --app apc_operations --module apc_operations.tests.test_batch_qc_fifo_dispatch
2026-05-21 13:36:46,642 INFO /home/it/Project/APC_Operations/frappe-bench/env/bin/bench --site apc.local run-tests --app apc_operations --module apc_operations.tests.test_confirm_dispatch_validation
2026-05-21 13:37:02,464 INFO /home/it/Project/APC_Operations/frappe-bench/env/bin/bench --site apc.local run-tests --app apc_operations --module apc_operations.tests.test_confirm_dispatch_validation
2026-05-21 13:37:10,941 INFO /home/it/Project/APC_Operations/frappe-bench/env/bin/bench --site apc.local run-tests --app apc_operations --module apc_operations.tests.test_dispatch_validation_service --module apc_operations.tests.test_security_dispatch_workflow
2026-05-21 13:37:17,734 INFO /home/it/Project/APC_Operations/frappe-bench/env/bin/bench --site apc.local run-tests --app apc_operations --module apc_operations.tests.test_dispatch_validation_service
2026-05-21 13:38:04,108 INFO /home/it/Project/APC_Operations/frappe-bench/env/bin/bench --site apc.local run-tests --app apc_operations --module apc_operations.tests.test_gate_enforcement
2026-05-21 13:38:09,801 INFO /home/it/Project/APC_Operations/frappe-bench/env/bin/bench --site apc.local run-tests --app apc_operations --module apc_operations.tests.test_consoles
2026-05-21 13:40:35,822 INFO /home/it/Project/APC_Operations/frappe-bench/env/bin/bench --site apc.local run-tests --app apc_operations --module apc_operations.tests.test_consoles
2026-05-21 13:40:38,459 INFO /home/it/Project/APC_Operations/frappe-bench/env/bin/bench --site apc.local run-tests --app apc_operations --module apc_operations.tests.test_delivery_order_console
2026-05-21 13:40:39,975 INFO /home/it/Project/APC_Operations/frappe-bench/env/bin/bench --site apc.local run-tests --app apc_operations --module apc_operations.tests.test_dispatch_lifecycle_service
2026-05-21 13:43:30,422 INFO /home/it/Project/APC_Operations/frappe-bench/env/bin/bench --site apc.local run-tests --app apc_operations --module apc_operations.tests.test_zoho_dispatch_sync
2026-05-21 13:43:35,024 INFO /home/it/Project/APC_Operations/frappe-bench/env/bin/bench --site apc.local run-tests --app apc_operations --module apc_operations.tests.test_confirm_dispatch_validation
2026-05-21 13:47:45,484 INFO /home/it/Project/APC_Operations/frappe-bench/env/bin/bench --site apc.local migrate
2026-05-21 13:48:19,514 INFO /home/it/Project/APC_Operations/frappe-bench/env/bin/bench --site apc.local console
2026-05-21 13:48:23,948 INFO /home/it/Project/APC_Operations/frappe-bench/env/bin/bench --site apc.local execute frappe.db.sql --args ["SELECT patch FROM `tabPatch Log` WHERE patch LIKE '%v0_4%' ORDER BY creation DESC", null, "as_dict"]
2026-05-21 13:48:24,609 INFO /home/it/Project/APC_Operations/frappe-bench/env/bin/bench --site apc.local mariadb -e SELECT patch FROM `tabPatch Log` WHERE patch LIKE '%v0_4%';
2026-05-21 15:09:56,623 INFO /home/it/Project/APC_Operations/frappe-bench/env/bin/bench --site apc.local run-tests --app apc_operations --module apc_operations.tests.test_consoles
2026-05-21 15:09:59,449 INFO /home/it/Project/APC_Operations/frappe-bench/env/bin/bench --site apc.local build --app apc_operations
2026-05-21 15:10:04,833 INFO /home/it/Project/APC_Operations/frappe-bench/env/bin/bench --site apc.local clear-cache
2026-05-21 15:35:59,601 INFO /home/it/Project/APC_Operations/frappe-bench/env/bin/bench --site apc.local clear-cache
2026-05-21 15:41:31,735 INFO /home/it/Project/APC_Operations/frappe-bench/env/bin/bench --site apc.local mariadb -e 
SELECT do.name, do.loading_delivery_note, do.operational_status, do.do_status,
       ldn.name as ldn_via_jo, ldn.delivery_note_status, ldn.qc_status, ldn.dispatch_confirmed, ldn.qc_report_request
FROM `tabDelivery Order` do
LEFT JOIN `tabJob Order` jo ON jo.name = do.job_order
LEFT JOIN `tabSecurity Draft Delivery Note` sddn ON sddn.job_order = do.job_order
LEFT JOIN `tabLoading Delivery Note` ldn ON ldn.security_draft_delivery_note = sddn.name
WHERE do.docstatus < 2
ORDER BY do.modified DESC
LIMIT 10;

2026-05-21 15:46:34,435 INFO /home/it/Project/APC_Operations/frappe-bench/env/bin/bench --site apc.local mariadb -e 
SELECT ldn.name, ldn.delivery_note_status, ldn.qc_status, ldn.receivables_status, ldn.dispatch_confirmed,
       ldn.coa_verified, ldn.qc_manager_approved, ldn.final_qc_clearance, ldn.qc_report_request,
       ldn.job_order, ldn.security_draft_delivery_note, ldn.transport_delivery_order,
       qcr.qc_status as qcr_status
FROM `tabLoading Delivery Note` ldn
LEFT JOIN `tabQC Report Request` qcr ON qcr.name = ldn.qc_report_request
WHERE ldn.name = 'LDN-2026-00219';

SELECT do.name, do.loading_delivery_note, do.operational_status, do.do_status, do.job_order
FROM `tabDelivery Order` do
WHERE do.job_order = (SELECT job_order FROM `tabLoading Delivery Note` WHERE name='LDN-2026-00219')
   OR do.loading_delivery_note = 'LDN-2026-00219';

2026-05-21 15:46:42,212 INFO /home/it/Project/APC_Operations/frappe-bench/env/bin/bench --site apc.local mariadb -e 
SELECT batch, coa, allocated_qty, dispatched_qty FROM `tabLoading DN Batch` WHERE parent='LDN-2026-00219';
SELECT name, coa_verified, final_qc_clearance, qc_manager_approved, loading_end_time, gross_weight, tare_weight, net_weight
FROM `tabLoading Delivery Note` WHERE name='LDN-2026-00219';

2026-05-21 15:46:50,672 INFO /home/it/Project/APC_Operations/frappe-bench/env/bin/bench --site apc.local mariadb -e 
SELECT name, coa_verified, qc_status, delivery_note_status, dispatch_confirmed, loading_delivery_note
FROM `tabLoading Delivery Note` WHERE name IN ('LDN-2026-00110','LDN-2026-00219');
SELECT do.name, do.loading_delivery_note FROM `tabDelivery Order` do
JOIN `tabLoading Delivery Note` l ON l.job_order=do.job_order WHERE l.name='LDN-2026-00110';

2026-05-21 15:46:54,183 INFO /home/it/Project/APC_Operations/frappe-bench/env/bin/bench --site apc.local mariadb -e 
SELECT name, coa_verified, qc_status, delivery_note_status, dispatch_confirmed
FROM `tabLoading Delivery Note` WHERE name IN ('LDN-2026-00110','LDN-2026-00219');

2026-05-21 15:52:52,747 INFO /home/it/Project/APC_Operations/frappe-bench/env/bin/bench --site apc.local mariadb -e 
SELECT ldn.name, ldn.delivery_note_status, ldn.qc_status, ldn.coa_verified, ldn.dispatch_confirmed,
       ldn.qc_manager_approved, ldn.final_qc_clearance, ldn.loading_end_time,
       ldn.gross_weight, ldn.tare_weight, ldn.net_weight, ldn.quantity, ldn.transport_delivery_order,
       ldn.security_inspection
FROM `tabLoading Delivery Note` ldn WHERE ldn.name='LDN-2026-00219';

SELECT batch, coa, allocated_qty, dispatched_qty, uom FROM `tabLoading DN Batch` WHERE parent='LDN-2026-00219';

SELECT do.name, do.loading_delivery_note, do.operational_status FROM `tabDelivery Order` do WHERE do.name='DO-2026-00002';

SELECT name, vehicle_number, driver_name, tare_weight, gross_weight, net_weight, loading_end_time
FROM `tabSecurity Inspection` WHERE name IN (
  SELECT security_inspection FROM `tabLoading Delivery Note` WHERE name='LDN-2026-00219'
) OR job_order='JO-2026-00213' ORDER BY modified DESC LIMIT 3;

2026-05-21 15:52:59,005 INFO /home/it/Project/APC_Operations/frappe-bench/env/bin/bench --site apc.local mariadb -e 
SELECT name, batch, coa, batch_number, qc_status FROM `tabQC Report Request` WHERE loading_delivery_note='LDN-2026-00219';
SELECT name, batch, approval_status, coa_number FROM `tabAPC COA` WHERE name='COA-2026-00054';
SELECT COUNT(*) as batch_rows FROM `tabLoading DN Batch` WHERE parent='LDN-2026-00219';

2026-05-21 16:03:56,914 INFO /home/it/Project/APC_Operations/frappe-bench/env/bin/bench --site apc.local migrate
2026-05-21 16:04:08,518 INFO /home/it/Project/APC_Operations/frappe-bench/env/bin/bench --site apc.local run-tests --app apc_operations --module apc_operations.tests.test_dispatch_flow_service
2026-05-21 16:04:32,822 INFO /home/it/Project/APC_Operations/frappe-bench/env/bin/bench --site apc.local run-tests --app apc_operations --module apc_operations.tests.test_consoles
2026-05-21 16:04:47,211 INFO /home/it/Project/APC_Operations/frappe-bench/env/bin/bench --site apc.local run-tests --app apc_operations --module apc_operations.tests.test_dispatch_flow_service
2026-05-21 16:04:48,056 INFO /home/it/Project/APC_Operations/frappe-bench/env/bin/bench --site apc.local console
2026-05-21 16:04:52,171 INFO /home/it/Project/APC_Operations/frappe-bench/env/bin/bench --site apc.local execute apc_operations.shipping.services.dispatch_flow_service.backfill_all_ldn_do_links
2026-05-21 16:04:53,037 INFO /home/it/Project/APC_Operations/frappe-bench/env/bin/bench --site apc.local execute apc_operations.shipping.services.dispatch_flow_service.get_dispatch_readiness --args ["DO-2026-00002"]
2026-05-21 16:04:53,865 INFO /home/it/Project/APC_Operations/frappe-bench/env/bin/bench build --app apc_operations
2026-05-21 16:04:59,975 INFO /home/it/Project/APC_Operations/frappe-bench/env/bin/bench --site apc.local execute apc_operations.security.api.sync_ldn_dispatch_prep --kwargs {"delivery_order": "DO-2026-00002"}
2026-05-21 16:19:40,113 INFO /home/it/Project/APC_Operations/frappe-bench/env/bin/bench --site apc.local mariadb -e 
SELECT ldn.name, ldn.quantity, ldn.planned_quantity, ldn.loading_end_time, ldn.vehicle, ldn.driver, ldn.security_inspection, ldn.gross_weight, ldn.tare_weight, ldn.net_weight, ldn.coa_verified
FROM `tabLoading Delivery Note` ldn WHERE ldn.name='LDN-2026-00219';
SELECT si.name, si.vehicle_number, si.driver_name, si.driver_phone, si.quantity, si.loading_end_time, si.vehicle, si.driver
FROM `tabSecurity Inspection` si WHERE si.name=(SELECT security_inspection FROM `tabLoading Delivery Note` WHERE name='LDN-2026-00219');
SELECT do.name, do.planned_quantity, do.total_qty FROM `tabDelivery Order` do WHERE do.name='DO-2026-00002';

2026-05-21 16:19:44,796 INFO /home/it/Project/APC_Operations/frappe-bench/env/bin/bench --site apc.local mariadb -e 
SELECT jo.name, jo.transport_schedule FROM `tabJob Order` jo WHERE jo.name=(SELECT job_order FROM `tabDelivery Order` WHERE name='DO-2026-00002');
SELECT ts.name, ts.assigned_driver, ts.assigned_vehicle, ts.driver_phone FROM `tabTransport Schedule` ts WHERE ts.name=(SELECT transport_schedule FROM `tabJob Order` WHERE name=(SELECT job_order FROM `tabDelivery Order` WHERE name='DO-2026-00002'));
SELECT d.name, d.full_name, d.mobile_no FROM `tabDriver` d WHERE d.name=(SELECT assigned_driver FROM `tabTransport Schedule` WHERE name=(SELECT transport_schedule FROM `tabJob Order` WHERE name=(SELECT job_order FROM `tabDelivery Order` WHERE name='DO-2026-00002')));

2026-05-21 16:19:52,796 INFO /home/it/Project/APC_Operations/frappe-bench/env/bin/bench --site apc.local mariadb -e 
SELECT name, full_name, driver_name, phone FROM `tabDriver` WHERE name='Gurusajan' OR full_name LIKE '%Guru%' LIMIT 5;
SELECT assigned_driver FROM `tabTransport Schedule` WHERE name='TRN-2026-00215';
SELECT fieldtype FROM information_schema.columns WHERE table_schema=DATABASE() AND table_name='tabTransport Schedule' AND column_name='assigned_driver';

2026-05-21 16:20:43,283 INFO /home/it/Project/APC_Operations/frappe-bench/env/bin/bench --site apc.local migrate
2026-05-21 16:20:53,718 INFO /home/it/Project/APC_Operations/frappe-bench/env/bin/bench --site apc.local execute apc_operations.shipping.services.dispatch_flow_service.sync_ldn_transport_context --kwargs {"ldn_name": "LDN-2026-00219", "do_name": "DO-2026-00002"}
2026-05-21 16:22:07,444 INFO /home/it/Project/APC_Operations/frappe-bench/env/bin/bench --site apc.local migrate
2026-05-21 16:22:16,578 INFO /home/it/Project/APC_Operations/frappe-bench/env/bin/bench --site apc.local run-tests --app apc_operations --module apc_operations.tests.test_dispatch_flow_service
2026-05-21 16:22:22,344 INFO /home/it/Project/APC_Operations/frappe-bench/env/bin/bench --site apc.local run-tests --app apc_operations --module apc_operations.tests.test_dispatch_flow_service
2026-05-21 16:22:38,514 INFO /home/it/Project/APC_Operations/frappe-bench/env/bin/bench --site apc.local migrate
2026-05-21 16:22:47,752 INFO /home/it/Project/APC_Operations/frappe-bench/env/bin/bench --site apc.local run-tests --app apc_operations --module apc_operations.tests.test_dispatch_flow_service
2026-05-21 16:22:51,637 INFO /home/it/Project/APC_Operations/frappe-bench/env/bin/bench --site apc.local console
2026-05-21 16:22:55,619 INFO /home/it/Project/APC_Operations/frappe-bench/env/bin/bench build --app apc_operations
2026-05-21 16:23:08,060 INFO /home/it/Project/APC_Operations/frappe-bench/env/bin/bench --site apc.local run-tests --app apc_operations --module apc_operations.tests.test_dispatch_flow_service
2026-05-21 16:23:12,863 INFO /home/it/Project/APC_Operations/frappe-bench/env/bin/bench --site apc.local execute apc_operations.shipping.services.dispatch_flow_service.sync_ldn_transport_context --kwargs {"ldn_name":"LDN-2026-00219","do_name":"DO-2026-00002"}
2026-05-21 16:23:16,256 INFO /home/it/Project/APC_Operations/frappe-bench/env/bin/bench --site apc.local execute apc_operations.shipping.services.dispatch_flow_service.get_dispatch_readiness --args ["DO-2026-00002"]
2026-05-21 16:23:21,054 INFO /home/it/Project/APC_Operations/frappe-bench/env/bin/bench --site apc.local mariadb -e 
SELECT quantity, planned_quantity, tare_weight, gross_weight, net_weight, weight_variance_status, uom FROM `tabLoading Delivery Note` WHERE name='LDN-2026-00219';
SELECT tare_weight, gross_weight, net_weight FROM `tabSecurity Inspection` WHERE name='SEC-INS-2026-00218';

2026-05-21 16:23:32,460 INFO /home/it/Project/APC_Operations/frappe-bench/env/bin/bench --site apc.local mariadb -e 
UPDATE `tabLoading Delivery Note` SET gross_weight=25000, net_weight=20000, weight_variance_status='Approved' WHERE name='LDN-2026-00219';
UPDATE `tabSecurity Inspection` SET gross_weight=25000, net_weight=20000, tare_weight=5000 WHERE name='SEC-INS-2026-00218';

2026-05-21 16:23:38,864 INFO /home/it/Project/APC_Operations/frappe-bench/env/bin/bench --site apc.local execute apc_operations.shipping.services.dispatch_flow_service.get_dispatch_readiness --args ["DO-2026-00002"]
2026-05-21 16:23:40,349 INFO /home/it/Project/APC_Operations/frappe-bench/env/bin/bench --site apc.local run-tests --app apc_operations --module apc_operations.tests.test_dispatch_flow_service
2026-05-21 16:29:43,857 INFO /home/it/Project/APC_Operations/frappe-bench/env/bin/bench --site apc.local mariadb -e 
SELECT batch, batch_number, allocated_qty, dispatched_qty, coa FROM `tabLoading DN Batch` WHERE parent='LDN-2026-00219';
SELECT name, batch_quantity, available_quantity, allocated_quantity, dispatched_quantity, stock_status FROM `tabAPC Batch` WHERE name='BATCH-2026-00048';

2026-05-21 16:33:11,205 INFO /home/it/Project/APC_Operations/frappe-bench/env/bin/bench --site apc.local mariadb -e 
SELECT name, batch, batch_number, allocated_qty, dispatched_qty, coa FROM `tabLoading DN Batch` WHERE parent='LDN-2026-00219';
SELECT name, batch_number, available_quantity, allocated_quantity, batch_quantity FROM `tabAPC Batch` WHERE name='BATCH-2026-00048';
SELECT quantity, net_weight, planned_quantity FROM `tabLoading Delivery Note` WHERE name='LDN-2026-00219';

2026-05-21 16:49:30,289 INFO /home/it/Project/APC_Operations/frappe-bench/env/bin/bench --site apc.local run-tests --app apc_operations --module apc_operations.tests.test_security_console_api
2026-05-21 16:49:31,767 INFO /home/it/Project/APC_Operations/frappe-bench/env/bin/bench build --app apc_operations
2026-05-22 09:02:09,343 INFO /home/it/Project/APC_Operations/frappe-bench/env/bin/bench start
2026-05-22 09:02:09,692 INFO /home/it/Project/APC_Operations/frappe-bench/env/bin/bench watch
2026-05-22 09:02:09,693 INFO /home/it/Project/APC_Operations/frappe-bench/env/bin/bench serve --port 8000
2026-05-22 09:02:09,698 INFO /home/it/Project/APC_Operations/frappe-bench/env/bin/bench schedule
2026-05-22 09:02:09,721 INFO /home/it/Project/APC_Operations/frappe-bench/env/bin/bench worker
2026-05-22 09:09:01,217 INFO /home/it/Project/APC_Operations/frappe-bench/env/bin/bench start
2026-05-22 09:09:01,467 INFO /home/it/Project/APC_Operations/frappe-bench/env/bin/bench serve --port 8000
2026-05-22 09:09:01,480 INFO /home/it/Project/APC_Operations/frappe-bench/env/bin/bench worker
2026-05-22 09:09:01,481 INFO /home/it/Project/APC_Operations/frappe-bench/env/bin/bench watch
2026-05-22 09:09:01,486 INFO /home/it/Project/APC_Operations/frappe-bench/env/bin/bench schedule
2026-05-22 11:56:43,813 INFO /home/it/Project/APC_Operations/frappe-bench/env/bin/bench --site apc.local console
2026-05-22 11:56:49,197 INFO /home/it/Project/APC_Operations/frappe-bench/env/bin/bench --site apc.local execute apc_operations.services.delivery_order_service.get_security_new_dos
2026-05-22 11:56:50,008 INFO /home/it/Project/APC_Operations/frappe-bench/env/bin/bench --site apc.local mariadb -e 
SELECT name, job_order, job_order_number, customer, docstatus, status, do_status, operational_status, sent_to_security_on, truck_arrived_on
FROM `tabDelivery Order` WHERE name IN ('DO-2026-00005','DO-2026-00001');
SELECT name, job_order, transport_schedule, security_status, sent_to_security_on
FROM `tabSecurity Draft Delivery Note` WHERE name IN ('SDDN-2026-00255','SDDN-2026-00133');
SELECT name, job_order_number FROM `tabJob Order` WHERE job_order_number IN ('APE3209','SSPL2222') OR name LIKE '%APE3209%';

2026-05-22 11:56:57,400 INFO /home/it/Project/APC_Operations/frappe-bench/env/bin/bench --site apc.local mariadb -e 
SELECT name, operational_status FROM `tabDelivery Order` WHERE name='DO-2026-00005';

2026-05-22 11:56:57,975 INFO /home/it/Project/APC_Operations/frappe-bench/env/bin/bench --site apc.local console
2026-05-22 11:57:04,828 INFO /home/it/Project/APC_Operations/frappe-bench/env/bin/bench --site apc.local mariadb -e 
SELECT name, delivery_note_status, qc_status, dispatch_confirmed, security_inspection
FROM `tabLoading Delivery Note` WHERE security_draft_delivery_note='SDDN-2026-00255' OR job_order='JO-2026-00244';
SELECT name, security_status FROM `tabSecurity Inspection` WHERE job_order='JO-2026-00244' LIMIT 5;
SELECT name, content, creation FROM `tabComment` WHERE reference_doctype='Delivery Order' AND reference_name='DO-2026-00005' ORDER BY creation DESC LIMIT 10;

2026-05-22 11:57:09,438 INFO /home/it/Project/APC_Operations/frappe-bench/env/bin/bench --site apc.local mariadb -e 
SELECT name, gate_out_status, gate_out_time, security_status, loading_delivery_note
FROM `tabSecurity Draft Delivery Note` WHERE name='SDDN-2026-00255';
SELECT name, gate_out_status, gate_out_completed_on FROM `tabLoading Delivery Note` WHERE name='LDN-2026-00245';
SELECT name, gate_pass_status FROM `tabGate Pass` WHERE job_order='JO-2026-00244' OR delivery_order='DO-2026-00005' LIMIT 3;

2026-05-22 11:57:13,544 INFO /home/it/Project/APC_Operations/frappe-bench/env/bin/bench --site apc.local mariadb -e 
SELECT name, delivery_order, job_order, gate_status, docstatus, posting_date, modified
FROM `tabGate Pass` WHERE delivery_order='DO-2026-00005' OR job_order='JO-2026-00244';
SELECT name, gate_out_status, security_status FROM `tabSecurity Draft Delivery Note` WHERE name='SDDN-2026-00255';
SELECT name, delivery_note_status, dispatch_confirmed, qc_status, loading_delivery_note FROM `tabLoading Delivery Note` WHERE name='LDN-2026-00245';
SELECT loading_delivery_note, pre_check_clearance FROM `tabDelivery Order` WHERE name='DO-2026-00005';

2026-05-22 11:57:15,866 INFO /home/it/Project/APC_Operations/frappe-bench/env/bin/bench --site apc.local mariadb -e DESCRIBE `tabGate Pass`;
2026-05-22 11:57:20,379 INFO /home/it/Project/APC_Operations/frappe-bench/env/bin/bench --site apc.local mariadb -e 
SELECT name, delivery_order, gate_status, docstatus, released_on, loading_delivery_note, customer
FROM `tabGate Pass` WHERE delivery_order='DO-2026-00005';
SELECT loading_delivery_note, pre_check_clearance, gate_pass, issued_on, sent_to_security_on
FROM `tabDelivery Order` WHERE name='DO-2026-00005';

2026-05-22 12:00:01,512 INFO /home/it/Project/APC_Operations/venv/bin/bench --verbose --site all backup
2026-05-22 12:38:14,473 INFO /home/it/Project/APC_Operations/frappe-bench/env/bin/bench --site apc.local clear-cache
2026-05-22 12:38:47,822 INFO /home/it/Project/APC_Operations/frappe-bench/env/bin/bench --site apc.local mariadb -e 
SELECT name, operational_status, do_status, sent_to_security_on FROM `tabDelivery Order` WHERE name='DO-2026-00005';
SELECT name, gate_status FROM `tabGate Pass` WHERE delivery_order='DO-2026-00005';
SELECT name, security_status FROM `tabSecurity Draft Delivery Note` WHERE name='SDDN-2026-00255';
SELECT security_final_check, qc_manager_approved, final_qc_clearance, dispatch_confirmed FROM `tabLoading Delivery Note` WHERE name='LDN-2026-00245';

2026-05-22 13:41:49,859 INFO /home/it/Project/APC_Operations/frappe-bench/env/bin/bench --site apc.local console
2026-05-22 13:51:04,885 INFO /home/it/Project/APC_Operations/frappe-bench/env/bin/bench --site apc.local mariadb -e 
SELECT name, item_code, item_name, qty, uom FROM `tabDelivery Order Item` WHERE parent='DO-2026-00005';
SELECT name, item, item_name, quantity, uom FROM `tabJob Order Item` WHERE parent='JO-2026-00244';
SELECT material_description, quantity, uom FROM `tabLoading Delivery Note` WHERE name='LDN-2026-00245';
SELECT material_description FROM `tabSecurity Draft Delivery Note` WHERE name='SDDN-2026-00255';
SELECT material_description FROM `tabSecurity Inspection` WHERE job_order='JO-2026-00244' LIMIT 1;

2026-05-22 13:55:03,306 INFO /home/it/Project/APC_Operations/frappe-bench/env/bin/bench --site apc.local run-tests --module apc_operations.tests.test_delivery_order_console --test TestResolveTransportContext
2026-05-22 13:55:10,051 INFO /home/it/Project/APC_Operations/frappe-bench/env/bin/bench --site apc.local run-tests --module apc_operations.tests.test_delivery_order_console
2026-05-22 13:55:11,230 INFO /home/it/Project/APC_Operations/frappe-bench/env/bin/bench --site apc.local execute apc_operations.services.delivery_order_service.resolve_transport_context_for_do --args ["DO-2026-00005"]
2026-05-22 13:55:16,161 INFO /home/it/Project/APC_Operations/frappe-bench/env/bin/bench --site apc.local clear-cache
2026-05-22 13:57:47,079 INFO /home/it/Project/APC_Operations/frappe-bench/env/bin/bench --site apc.local mariadb -e 
SELECT name, terms_of_delivery FROM `tabJob Order` WHERE name='JO-2026-00244';
SELECT name, terms_of_delivery, job_order FROM `tabDelivery Order` WHERE name='DO-2026-00005';

2026-05-22 14:07:15,655 INFO /home/it/Project/APC_Operations/frappe-bench/env/bin/bench --site apc.local execute apc_operations.shipping.doctype.delivery_order.delivery_order.pull_delivery_order_from_job_order --args ["DO-2026-00005", 1]
2026-05-22 14:07:16,205 INFO /home/it/Project/APC_Operations/frappe-bench/env/bin/bench --site apc.local build --app apc_operations
2026-05-22 14:07:16,866 INFO /home/it/Project/APC_Operations/frappe-bench/env/bin/bench --site apc.local mariadb -e SELECT terms_of_delivery, job_order_number FROM `tabDelivery Order` WHERE name='DO-2026-00005'; SELECT item_code, item_name, qty, uom FROM `tabDelivery Order Item` WHERE parent='DO-2026-00005';
2026-05-22 14:07:17,683 INFO /home/it/Project/APC_Operations/frappe-bench/env/bin/bench --site apc.local run-tests --module apc_operations.tests.test_delivery_order_sync --module apc_operations.tests.test_delivery_order_console
2026-05-22 14:07:24,056 INFO /home/it/Project/APC_Operations/frappe-bench/env/bin/bench --site apc.local run-tests --module apc_operations.tests.test_delivery_order_sync
2026-05-22 14:07:24,714 INFO /home/it/Project/APC_Operations/frappe-bench/env/bin/bench --site apc.local clear-cache
2026-05-22 14:26:32,749 INFO /home/it/Project/APC_Operations/frappe-bench/env/bin/bench --site apc.local mariadb -e 
SELECT name, operational_status, do_status, sent_to_security_on, loading_delivery_note, pre_check_clearance, docstatus, status
FROM `tabDelivery Order` WHERE name='DO-2026-00005';
SELECT name, security_status, sent_to_security_on FROM `tabSecurity Draft Delivery Note` WHERE name='SDDN-2026-00255';
SELECT name, delivery_note_status, dispatch_confirmed, qc_status, security_final_check, final_qc_clearance, transport_delivery_order, job_order
FROM `tabLoading Delivery Note` WHERE job_order='JO-2026-00244' OR transport_delivery_order='DO-2026-00005';
SELECT name, gate_status, delivery_order FROM `tabGate Pass` WHERE delivery_order='DO-2026-00005';
SELECT name, overall_status, qc_status, security_status FROM `tabPre-Check Clearance` WHERE delivery_order='DO-2026-00005';
SELECT name, docstatus FROM `tabSecurity Inspection` WHERE job_order='JO-2026-00244' LIMIT 3;

2026-05-22 14:26:42,921 INFO /home/it/Project/APC_Operations/frappe-bench/env/bin/bench --site apc.local mariadb -e 
SELECT name, security_draft_delivery_note, transport_delivery_order, dispatch_confirmed, delivery_note_status
FROM `tabLoading Delivery Note` WHERE name='LDN-2026-00245';
SELECT content, creation FROM `tabComment` WHERE reference_doctype='Delivery Order' AND reference_name='DO-2026-00005' ORDER BY creation DESC LIMIT 8;

2026-05-22 14:45:16,051 INFO /home/it/Project/APC_Operations/frappe-bench/env/bin/bench --site apc.local run-tests --app apc_operations --module apc_operations.tests.test_dispatch_lifecycle_service apc_operations.tests.test_confirm_dispatch_validation apc_operations.tests.test_qc_dispatch_workflow apc_operations.tests.test_security_dispatch_workflow apc_operations.tests.test_delivery_order_console apc_operations.tests.test_qc_console_api
2026-05-22 14:45:18,560 INFO /home/it/Project/APC_Operations/frappe-bench/env/bin/bench --site apc.local run-tests --app apc_operations --module apc_operations.tests.test_dispatch_lifecycle_service
2026-05-22 14:45:18,709 INFO /home/it/Project/APC_Operations/frappe-bench/env/bin/bench --site apc.local run-tests --app apc_operations --module apc_operations.tests.test_confirm_dispatch_validation
2026-05-22 14:45:18,857 INFO /home/it/Project/APC_Operations/frappe-bench/env/bin/bench --site apc.local run-tests --app apc_operations --module apc_operations.tests.test_qc_dispatch_workflow
2026-05-22 14:45:19,024 INFO /home/it/Project/APC_Operations/frappe-bench/env/bin/bench --site apc.local run-tests --app apc_operations --module apc_operations.tests.test_security_dispatch_workflow
2026-05-22 14:45:19,170 INFO /home/it/Project/APC_Operations/frappe-bench/env/bin/bench --site apc.local run-tests --app apc_operations --module apc_operations.tests.test_delivery_order_console
2026-05-22 14:45:19,317 INFO /home/it/Project/APC_Operations/frappe-bench/env/bin/bench --site apc.local run-tests --app apc_operations --module apc_operations.tests.test_qc_console_api
2026-05-22 14:45:19,467 INFO /home/it/Project/APC_Operations/frappe-bench/env/bin/bench --site apc.local run-tests --app apc_operations --module apc_operations.tests.test_batch_qc_fifo_dispatch
2026-05-22 14:46:01,419 INFO /home/it/Project/APC_Operations/frappe-bench/env/bin/bench --site apc.local run-tests --app apc_operations --module apc_operations.tests.test_dispatch_lifecycle_service
2026-05-22 14:46:04,519 INFO /home/it/Project/APC_Operations/frappe-bench/env/bin/bench --site apc.local run-tests --app apc_operations --module apc_operations.tests.test_confirm_dispatch_validation
2026-05-22 14:46:07,913 INFO /home/it/Project/APC_Operations/frappe-bench/env/bin/bench --site apc.local run-tests --app apc_operations --module apc_operations.tests.test_qc_dispatch_workflow
2026-05-22 14:46:10,891 INFO /home/it/Project/APC_Operations/frappe-bench/env/bin/bench --site apc.local run-tests --app apc_operations --module apc_operations.tests.test_security_dispatch_workflow
2026-05-22 14:46:13,771 INFO /home/it/Project/APC_Operations/frappe-bench/env/bin/bench --site apc.local run-tests --app apc_operations --module apc_operations.tests.test_delivery_order_console
2026-05-22 14:46:16,514 INFO /home/it/Project/APC_Operations/frappe-bench/env/bin/bench --site apc.local run-tests --app apc_operations --module apc_operations.tests.test_qc_console_api
2026-05-22 14:46:18,634 INFO /home/it/Project/APC_Operations/frappe-bench/env/bin/bench --site apc.local run-tests --app apc_operations --module apc_operations.tests.test_batch_qc_fifo_dispatch
2026-05-22 14:47:02,145 INFO /home/it/Project/APC_Operations/frappe-bench/env/bin/bench --site apc.local run-tests --app apc_operations --module apc_operations.tests.test_dispatch_lifecycle_service
2026-05-22 14:47:05,412 INFO /home/it/Project/APC_Operations/frappe-bench/env/bin/bench --site apc.local run-tests --app apc_operations --module apc_operations.tests.test_confirm_dispatch_validation
2026-05-22 14:47:09,150 INFO /home/it/Project/APC_Operations/frappe-bench/env/bin/bench --site apc.local run-tests --app apc_operations --module apc_operations.tests.test_qc_dispatch_workflow
2026-05-22 14:47:12,990 INFO /home/it/Project/APC_Operations/frappe-bench/env/bin/bench --site apc.local run-tests --app apc_operations --module apc_operations.tests.test_security_dispatch_workflow
2026-05-22 14:47:16,312 INFO /home/it/Project/APC_Operations/frappe-bench/env/bin/bench --site apc.local run-tests --app apc_operations --module apc_operations.tests.test_delivery_order_console
2026-05-22 14:47:18,975 INFO /home/it/Project/APC_Operations/frappe-bench/env/bin/bench --site apc.local run-tests --app apc_operations --module apc_operations.tests.test_qc_console_api
2026-05-22 14:49:08,479 INFO /home/it/Project/APC_Operations/frappe-bench/env/bin/bench --site apc.local run-tests --app apc_operations --module apc_operations.tests.test_confirm_dispatch_validation
2026-05-22 14:49:09,831 INFO /home/it/Project/APC_Operations/frappe-bench/env/bin/bench --site apc.local run-tests --app apc_operations --module apc_operations.tests.test_qc_dispatch_workflow
2026-05-22 14:49:10,904 INFO /home/it/Project/APC_Operations/frappe-bench/env/bin/bench --site apc.local run-tests --app apc_operations --module apc_operations.tests.test_security_dispatch_workflow
2026-05-22 14:49:18,363 INFO /home/it/Project/APC_Operations/frappe-bench/env/bin/bench --site apc.local run-tests --app apc_operations --module apc_operations.tests.test_confirm_dispatch_validation
2026-05-22 14:49:26,404 INFO /home/it/Project/APC_Operations/frappe-bench/env/bin/bench --site apc.local run-tests --app apc_operations --module apc_operations.tests.test_qc_dispatch_workflow
2026-05-22 14:49:26,692 INFO /home/it/Project/APC_Operations/frappe-bench/env/bin/bench --site apc.local run-tests --app apc_operations --module apc_operations.tests.test_security_dispatch_workflow
2026-05-22 14:49:40,536 INFO /home/it/Project/APC_Operations/frappe-bench/env/bin/bench --site apc.local run-tests --app apc_operations --module apc_operations.tests.test_confirm_dispatch_validation
2026-05-22 14:49:44,028 INFO /home/it/Project/APC_Operations/frappe-bench/env/bin/bench --site apc.local run-tests --app apc_operations --module apc_operations.tests.test_qc_dispatch_workflow
2026-05-22 14:49:47,544 INFO /home/it/Project/APC_Operations/frappe-bench/env/bin/bench --site apc.local run-tests --app apc_operations --module apc_operations.tests.test_security_dispatch_workflow
2026-05-22 14:50:10,284 INFO /home/it/Project/APC_Operations/frappe-bench/env/bin/bench --site apc.local run-tests --app apc_operations --module apc_operations.tests.test_confirm_dispatch_validation
2026-05-22 14:50:13,100 INFO /home/it/Project/APC_Operations/frappe-bench/env/bin/bench --site apc.local run-tests --app apc_operations --module apc_operations.tests.test_qc_dispatch_workflow
2026-05-22 14:50:16,618 INFO /home/it/Project/APC_Operations/frappe-bench/env/bin/bench --site apc.local run-tests --app apc_operations --module apc_operations.tests.test_security_dispatch_workflow
2026-05-22 14:50:35,221 INFO /home/it/Project/APC_Operations/frappe-bench/env/bin/bench --site apc.local run-tests --app apc_operations --module apc_operations.tests.test_confirm_dispatch_validation
2026-05-22 14:50:38,880 INFO /home/it/Project/APC_Operations/frappe-bench/env/bin/bench --site apc.local run-tests --app apc_operations --module apc_operations.tests.test_security_dispatch_workflow
2026-05-22 14:50:42,844 INFO /home/it/Project/APC_Operations/frappe-bench/env/bin/bench build --app apc_operations
2026-05-22 14:50:44,925 INFO /home/it/Project/APC_Operations/frappe-bench/env/bin/bench --site apc.local clear-cache
2026-05-22 14:50:50,391 INFO /home/it/Project/APC_Operations/frappe-bench/env/bin/bench --site apc.local run-tests --app apc_operations --module apc_operations.tests.test_confirm_dispatch_validation
2026-05-22 14:50:57,268 INFO /home/it/Project/APC_Operations/frappe-bench/env/bin/bench --site apc.local run-tests --app apc_operations --module apc_operations.tests.test_confirm_dispatch_validation
2026-05-22 14:51:06,019 INFO /home/it/Project/APC_Operations/frappe-bench/env/bin/bench --site apc.local run-tests --app apc_operations --module apc_operations.tests.test_confirm_dispatch_validation
2026-05-22 15:04:12,573 INFO /home/it/Project/APC_Operations/frappe-bench/env/bin/bench --site apc.local console
2026-05-22 15:04:18,079 INFO /home/it/Project/APC_Operations/frappe-bench/env/bin/bench --site apc.local console
2026-05-22 15:04:24,695 INFO /home/it/Project/APC_Operations/frappe-bench/env/bin/bench --site apc.local console
2026-05-22 15:04:32,795 INFO /home/it/Project/APC_Operations/frappe-bench/env/bin/bench --site apc.local console
2026-05-22 15:04:38,070 INFO /home/it/Project/APC_Operations/frappe-bench/env/bin/bench --site apc.local clear-cache
2026-05-22 15:15:54,768 INFO /home/it/Project/APC_Operations/frappe-bench/env/bin/bench --site apc.local console
2026-05-22 15:16:10,768 INFO /home/it/Project/APC_Operations/frappe-bench/env/bin/bench --site apc.local console
2026-05-22 15:19:56,984 INFO /home/it/Project/APC_Operations/frappe-bench/env/bin/bench --site apc.local console
2026-05-22 15:20:01,836 INFO /home/it/Project/APC_Operations/frappe-bench/env/bin/bench --site apc.local console
2026-05-22 15:20:08,939 INFO /home/it/Project/APC_Operations/frappe-bench/env/bin/bench --site apc.local console
2026-05-22 15:20:26,457 INFO /home/it/Project/APC_Operations/frappe-bench/env/bin/bench --site apc.local console
2026-05-22 15:20:31,249 INFO /home/it/Project/APC_Operations/frappe-bench/env/bin/bench --site apc.local clear-cache
2026-05-22 15:20:32,498 INFO /home/it/Project/APC_Operations/frappe-bench/env/bin/bench --site apc.local run-tests --app apc_operations --module apc_operations.tests.test_batch_qc_fifo_dispatch.TestSecurityBridge
2026-05-22 15:20:36,734 INFO /home/it/Project/APC_Operations/frappe-bench/env/bin/bench --site apc.local run-tests --app apc_operations --module apc_operations.tests.test_batch_qc_fifo_dispatch
2026-05-22 15:20:41,514 INFO /home/it/Project/APC_Operations/frappe-bench/env/bin/bench --site apc.local run-tests --app apc_operations --module apc_operations.tests.test_batch_qc_fifo_dispatch
2026-05-22 16:56:06,363 INFO /home/it/Project/APC_Operations/frappe-bench/env/bin/bench --site apc.local console
2026-05-22 16:56:18,157 INFO /home/it/Project/APC_Operations/frappe-bench/env/bin/bench --site apc.local console
2026-05-22 16:56:27,682 INFO /home/it/Project/APC_Operations/frappe-bench/env/bin/bench --site apc.local console
2026-05-22 17:02:07,094 INFO /home/it/Project/APC_Operations/frappe-bench/env/bin/bench --site apc.local migrate
2026-05-22 17:02:33,172 INFO /home/it/Project/APC_Operations/frappe-bench/env/bin/bench --site apc.local run-tests --app apc_operations --module apc_operations.tests.test_uom_service
2026-05-22 17:02:34,529 INFO /home/it/Project/APC_Operations/frappe-bench/env/bin/bench --site apc.local console --execute 
import frappe
for dt, name in [('Loading Delivery Note','LDN-2026-00245'),('Security Inspection','SEC-INS-2026-00256'),('Delivery Order','DO-2026-00005')]:
    if frappe.db.exists(dt, name):
        r = frappe.db.get_value(dt, name, ['quantity','uom','planned_quantity','net_weight','weight_variance_pct','weight_variance_status'], as_dict=1)
        print(dt, name, r)

2026-05-22 17:02:38,357 INFO /home/it/Project/APC_Operations/frappe-bench/env/bin/bench --site apc.local run-tests --app apc_operations --module apc_operations.tests.test_loading_delivery_note_weight_variance
2026-05-22 17:02:44,774 INFO /home/it/Project/APC_Operations/frappe-bench/env/bin/bench --site apc.local execute apc_operations.tests.test_uom_service
2026-05-22 17:02:45,728 INFO /home/it/Project/APC_Operations/frappe-bench/env/bin/bench --site apc.local mariadb -e SELECT name, quantity, uom, planned_quantity, net_weight, weight_variance_pct, weight_variance_status FROM `tabLoading Delivery Note` WHERE name='LDN-2026-00245'; SELECT name, quantity, uom FROM `tabSecurity Inspection` WHERE name='SEC-INS-2026-00256'; SELECT name, planned_quantity, total_qty FROM `tabDelivery Order` WHERE name='DO-2026-00005';
2026-05-22 17:02:55,785 INFO /home/it/Project/APC_Operations/frappe-bench/env/bin/bench --site apc.local mariadb -e SELECT job_order, security_inspection FROM `tabLoading Delivery Note` WHERE name='LDN-2026-00245';
2026-05-22 17:03:01,226 INFO /home/it/Project/APC_Operations/frappe-bench/env/bin/bench --site apc.local execute 
import frappe
from apc_operations.shipping.services.uom_service import sync_commercial_fields_to_ldn, resolve_commercial_quantity
ctx = resolve_commercial_quantity(job_order='JO-2026-00244')
print('ctx', ctx)
ldn = frappe.get_doc('Loading Delivery Note', 'LDN-2026-00245')
print('before', ldn.uom, ldn.quantity, ldn.planned_quantity)
sync_commercial_fields_to_ldn(ldn, force_uom=True)
print('after', ldn.uom, ldn.quantity, ldn.planned_quantity)
ldn.save(ignore_permissions=True)
frappe.db.commit()
print('saved', frappe.db.get_value('Loading Delivery Note', 'LDN-2026-00245', ['uom','quantity','planned_quantity'], as_dict=1))

2026-05-22 17:03:29,883 INFO /home/it/Project/APC_Operations/frappe-bench/env/bin/bench --site apc.local migrate
2026-05-22 17:03:43,069 INFO /home/it/Project/APC_Operations/frappe-bench/env/bin/bench --site apc.local mariadb -e SELECT name, quantity, uom, planned_quantity, net_weight, weight_variance_pct FROM `tabLoading Delivery Note` WHERE name='LDN-2026-00245';
2026-05-22 17:03:47,373 INFO /home/it/Project/APC_Operations/frappe-bench/env/bin/bench --site apc.local run-tests --app apc_operations --module apc_operations.tests.test_dispatch_validation_service
2026-05-22 17:03:48,275 INFO /home/it/Project/APC_Operations/frappe-bench/env/bin/bench --site apc.local clear-cache
2026-05-23 09:35:23,278 INFO /home/it/Project/APC_Operations/frappe-bench/env/bin/bench start
2026-05-23 09:35:23,624 INFO /home/it/Project/APC_Operations/frappe-bench/env/bin/bench watch
2026-05-23 09:35:23,639 INFO /home/it/Project/APC_Operations/frappe-bench/env/bin/bench worker
2026-05-23 09:35:23,648 INFO /home/it/Project/APC_Operations/frappe-bench/env/bin/bench schedule
2026-05-23 09:35:23,650 INFO /home/it/Project/APC_Operations/frappe-bench/env/bin/bench serve --port 8000
2026-05-23 11:50:15,587 INFO /home/it/Project/APC_Operations/frappe-bench/env/bin/bench --site apc.local run-tests --doctype Job Order --test test_cascade_delete_removes_linked_operational_documents
2026-05-23 11:50:24,552 INFO /home/it/Project/APC_Operations/frappe-bench/env/bin/bench --site apc.local run-tests --app apc_operations --module apc_operations.shipping.doctype.job_order.test_job_order.TestJobOrder.test_cascade_delete_removes_linked_operational_documents
2026-05-23 11:50:28,941 INFO /home/it/Project/APC_Operations/frappe-bench/env/bin/bench --site apc.local execute apc_operations.shipping.doctype.job_order.test_job_order.make_job_order --kwargs {}
2026-05-23 11:50:35,300 INFO /home/it/Project/APC_Operations/frappe-bench/env/bin/bench --site apc.local console
2026-05-23 11:50:56,387 INFO /home/it/Project/APC_Operations/frappe-bench/env/bin/bench --site apc.local console
2026-05-23 11:51:02,230 INFO /home/it/Project/APC_Operations/frappe-bench/env/bin/bench --site apc.local build --app apc_operations
2026-05-23 12:00:01,426 INFO /home/it/Project/APC_Operations/venv/bin/bench --verbose --site all backup
2026-05-23 12:01:02,627 INFO /home/it/Project/APC_Operations/frappe-bench/env/bin/bench --site apc.local build --app apc_operations
2026-05-23 12:01:04,496 INFO /home/it/Project/APC_Operations/frappe-bench/env/bin/bench --site apc.local execute apc_operations.shipping.api.sync_job_order_number_to_linked_docs --kwargs {"job_order": "JO-2028-00260"}
2026-05-23 12:01:11,786 INFO /home/it/Project/APC_Operations/frappe-bench/env/bin/bench --site apc.local console
2026-05-25 08:40:20,021 INFO /home/it/Project/APC_Operations/frappe-bench/env/bin/bench start
2026-05-25 08:40:20,377 INFO /home/it/Project/APC_Operations/frappe-bench/env/bin/bench watch
2026-05-25 08:40:20,382 INFO /home/it/Project/APC_Operations/frappe-bench/env/bin/bench schedule
2026-05-25 08:40:20,390 INFO /home/it/Project/APC_Operations/frappe-bench/env/bin/bench worker
2026-05-25 08:40:20,395 INFO /home/it/Project/APC_Operations/frappe-bench/env/bin/bench serve --port 8000
2026-05-25 10:10:26,145 INFO /home/it/Project/APC_Operations/frappe-bench/env/bin/bench --site apc.local run-tests --app apc_operations --module apc_operations.tests.test_dispatch_loading_entry_uom --module apc_operations.tests.test_uom_service
2026-05-25 10:10:41,838 INFO /home/it/Project/APC_Operations/frappe-bench/env/bin/bench --site apc.local run-tests --app apc_operations --doctype Loading Delivery Note
2026-05-25 10:10:49,447 INFO /home/it/Project/APC_Operations/frappe-bench/env/bin/bench --site apc.local run-tests --app apc_operations --module apc_operations.tests.test_batch_qc_fifo_dispatch
2026-05-25 10:22:35,748 INFO /home/it/Project/APC_Operations/frappe-bench/env/bin/bench --site apc.local console
2026-05-25 10:23:57,715 INFO /home/it/Project/APC_Operations/frappe-bench/env/bin/bench --site apc.local migrate
2026-05-25 10:24:13,982 INFO /home/it/Project/APC_Operations/frappe-bench/env/bin/bench --site apc.local console
2026-05-25 10:24:29,585 INFO /home/it/Project/APC_Operations/frappe-bench/env/bin/bench --site apc.local execute apc_operations.patches.v0_4.sync_standard_loading_delivery_note_print_format.execute
2026-05-25 10:24:30,874 INFO /home/it/Project/APC_Operations/frappe-bench/env/bin/bench --site apc.local clear-cache
2026-05-25 10:24:35,273 INFO /home/it/Project/APC_Operations/frappe-bench/env/bin/bench --site apc.local console
2026-05-25 10:28:47,339 INFO /home/it/Project/APC_Operations/frappe-bench/env/bin/bench start
2026-05-25 10:28:47,602 INFO /home/it/Project/APC_Operations/frappe-bench/env/bin/bench watch
2026-05-25 10:28:47,615 INFO /home/it/Project/APC_Operations/frappe-bench/env/bin/bench schedule
2026-05-25 10:28:47,637 INFO /home/it/Project/APC_Operations/frappe-bench/env/bin/bench worker
2026-05-25 10:28:47,651 INFO /home/it/Project/APC_Operations/frappe-bench/env/bin/bench serve --port 8000
2026-05-25 10:29:23,554 INFO /home/it/Project/APC_Operations/frappe-bench/env/bin/bench --site apc.local execute apc_operations.patches.v0_4.sync_standard_loading_delivery_note_print_format.execute
2026-05-25 10:29:24,690 INFO /home/it/Project/APC_Operations/frappe-bench/env/bin/bench --site apc.local clear-cache
2026-05-25 10:29:25,769 INFO /home/it/Project/APC_Operations/frappe-bench/env/bin/bench --site apc.local console
2026-05-25 10:41:31,049 INFO /home/it/Project/APC_Operations/frappe-bench/env/bin/bench --site apc.local execute apc_operations.patches.v0_4.sync_standard_loading_delivery_note_print_format.execute
2026-05-25 10:41:32,171 INFO /home/it/Project/APC_Operations/frappe-bench/env/bin/bench --site apc.local clear-cache
2026-05-25 10:41:33,218 INFO /home/it/Project/APC_Operations/frappe-bench/env/bin/bench --site apc.local run-tests --app apc_operations --module apc_operations.tests.test_loading_dn_print_service
2026-05-25 10:41:44,046 INFO /home/it/Project/APC_Operations/frappe-bench/env/bin/bench --site apc.local run-tests --app apc_operations --module apc_operations.tests.test_loading_dn_print_service
2026-05-25 10:41:45,063 INFO /home/it/Project/APC_Operations/frappe-bench/env/bin/bench --site apc.local console
2026-05-25 10:41:51,488 INFO /home/it/Project/APC_Operations/frappe-bench/env/bin/bench --site apc.local execute frappe.call --args {"method": "apc_operations.shipping.services.loading_dn_print_service.get_print_context", "args": {"ldn_name": "LDN-2026-ETAC"}}
2026-05-25 10:44:15,591 INFO /home/it/Project/APC_Operations/frappe-bench/env/bin/bench --site apc.local run-tests --app apc_operations --module apc_operations.tests.test_loading_dn_print_service
2026-05-25 10:51:43,684 INFO /home/it/Project/APC_Operations/frappe-bench/env/bin/bench --site apc.local execute apc_operations.patches.v0_4.sync_standard_delivery_order_print_format.execute
2026-05-25 10:51:44,923 INFO /home/it/Project/APC_Operations/frappe-bench/env/bin/bench --site apc.local execute apc_operations.patches.v0_4.sync_standard_loading_delivery_note_print_format.execute
2026-05-25 10:51:45,988 INFO /home/it/Project/APC_Operations/frappe-bench/env/bin/bench --site apc.local clear-cache
2026-05-25 10:51:47,084 INFO /home/it/Project/APC_Operations/frappe-bench/env/bin/bench --site apc.local run-tests --app apc_operations --module apc_operations.tests.test_delivery_order_print_service --module apc_operations.tests.test_loading_dn_print_service
2026-05-25 10:52:02,120 INFO /home/it/Project/APC_Operations/frappe-bench/env/bin/bench --site apc.local console
2026-05-25 10:55:08,054 INFO /home/it/Project/APC_Operations/frappe-bench/env/bin/bench --site apc.local execute apc_operations.shipping.services.delivery_order_print_service.get_print_context --kwargs {"do_name": "DO-2026-00007"}
2026-05-25 10:55:10,567 INFO /home/it/Project/APC_Operations/frappe-bench/env/bin/bench --site apc.local console
2026-05-25 10:55:17,628 INFO /home/it/Project/APC_Operations/frappe-bench/env/bin/bench --site apc.local console
2026-05-25 10:55:40,480 INFO /home/it/Project/APC_Operations/frappe-bench/env/bin/bench --site apc.local execute apc_operations.patches.v0_4.sync_standard_delivery_order_print_format.execute
2026-05-25 10:55:41,621 INFO /home/it/Project/APC_Operations/frappe-bench/env/bin/bench --site apc.local clear-cache
2026-05-25 10:55:42,681 INFO /home/it/Project/APC_Operations/frappe-bench/env/bin/bench --site apc.local execute apc_operations.shipping.services.delivery_order_print_service.get_print_context --kwargs {"do_name": "DO-2026-00007"}
2026-05-25 12:00:01,604 INFO /home/it/Project/APC_Operations/venv/bin/bench --verbose --site all backup
2026-05-25 12:43:23,321 INFO /home/it/Project/APC_Operations/frappe-bench/env/bin/bench --site apc.local run-tests --module apc_operations.tests.test_transportation_api --module apc_operations.tests.test_shipping_console_api
2026-05-25 12:43:31,808 INFO /home/it/Project/APC_Operations/frappe-bench/env/bin/bench --site apc.local run-tests --module apc_operations.tests.test_transportation_api
2026-05-25 12:48:52,697 INFO /home/it/Project/APC_Operations/frappe-bench/env/bin/bench --site apc.local build --app apc_operations
2026-05-25 12:48:55,249 INFO /home/it/Project/APC_Operations/frappe-bench/env/bin/bench --site apc.local clear-cache
2026-05-25 12:52:14,622 INFO /home/it/Project/APC_Operations/frappe-bench/env/bin/bench --site apc.local run-tests --module apc_operations.tests.test_transportation_api
2026-05-25 12:52:29,443 INFO /home/it/Project/APC_Operations/frappe-bench/env/bin/bench --site apc.local run-tests --module apc_operations.tests.test_transportation_api
2026-05-25 12:52:36,737 INFO /home/it/Project/APC_Operations/frappe-bench/env/bin/bench --site apc.local build --app apc_operations
2026-05-25 13:17:05,731 INFO /home/it/Project/APC_Operations/frappe-bench/env/bin/bench --site apc.local run-tests --module apc_operations.tests.test_transportation_api
2026-05-25 13:17:23,786 INFO /home/it/Project/APC_Operations/frappe-bench/env/bin/bench --site apc.local run-tests --module apc_operations.tests.test_transportation_api
2026-05-25 13:17:30,775 INFO /home/it/Project/APC_Operations/frappe-bench/env/bin/bench --site apc.local run-tests --module apc_operations.tests.test_transportation_api
2026-05-25 13:42:42,358 INFO /home/it/Project/APC_Operations/frappe-bench/env/bin/bench --site apc.local run-tests --module apc_operations.tests.test_transportation_api
2026-05-25 14:59:20,482 INFO /home/it/Project/APC_Operations/frappe-bench/env/bin/bench --site apc.local run-tests --module apc_operations.tests.test_confirm_dispatch_validation
2026-05-29 13:17:49,570 INFO /home/it/Project/APC_Operations/frappe-bench/env/bin/bench start
2026-05-29 13:17:50,111 INFO /home/it/Project/APC_Operations/frappe-bench/env/bin/bench worker
2026-05-29 13:17:50,116 INFO /home/it/Project/APC_Operations/frappe-bench/env/bin/bench schedule
2026-05-29 13:17:50,123 INFO /home/it/Project/APC_Operations/frappe-bench/env/bin/bench serve --port 8000
2026-05-29 13:17:50,125 INFO /home/it/Project/APC_Operations/frappe-bench/env/bin/bench watch
2026-05-29 15:15:01,352 INFO /home/it/Project/APC_Operations/frappe-bench/env/bin/bench --site apc.local run-tests --module apc_operations.tests.test_delivery_order_print_service --module apc_operations.tests.test_loading_dn_print_service
2026-05-29 18:00:02,243 INFO /home/it/Project/APC_Operations/venv/bin/bench --verbose --site all backup
2026-05-29 19:44:20,245 INFO /home/it/Project/APC_Operations/frappe-bench/env/bin/bench --site apc.local run-tests --module apc_operations.tests.test_batch_qc_fifo_dispatch.TestManualCoaCreationForBatch
2026-05-29 19:44:24,505 INFO /home/it/Project/APC_Operations/frappe-bench/env/bin/bench --site apc.local run-tests --module apc_operations.tests.test_batch_qc_fifo_dispatch
2026-05-29 19:56:23,110 INFO /home/it/Project/APC_Operations/frappe-bench/env/bin/bench --site apc.local console
2026-05-29 19:56:28,508 INFO /home/it/Project/APC_Operations/frappe-bench/env/bin/bench --site apc.local execute frappe.db.get_value('Print Format', 'Standard Delivery Order', 'html')
2026-05-29 19:57:22,640 INFO /home/it/Project/APC_Operations/frappe-bench/env/bin/bench --site apc.local migrate
2026-05-29 19:57:38,633 INFO /home/it/Project/APC_Operations/frappe-bench/env/bin/bench --site apc.local execute apc_operations.patches.v0_4.resync_delivery_print_format_date_headers.execute
2026-05-29 19:57:39,842 INFO /home/it/Project/APC_Operations/frappe-bench/env/bin/bench --site apc.local mariadb -e SELECT html LIKE '%Date of delivery%' as has_dod, html LIKE '%Dated%' as has_dated FROM `tabPrint Format` WHERE name='Standard Delivery Order';
2026-05-29 22:05:16,172 INFO /home/it/Project/APC_Operations/frappe-bench/env/bin/bench --site apc.local run-tests --module apc_operations.tests.test_job_order_allocation_dashboard
2026-05-29 22:05:22,033 INFO /home/it/Project/APC_Operations/frappe-bench/env/bin/bench --site apc.local run-tests --module apc_operations.tests.test_job_order_allocation_dashboard
2026-05-29 22:05:28,952 INFO /home/it/Project/APC_Operations/frappe-bench/env/bin/bench --site apc.local run-tests --module apc_operations.tests.test_job_order_allocation_dashboard
2026-05-29 22:05:35,964 INFO /home/it/Project/APC_Operations/frappe-bench/env/bin/bench --site apc.local run-tests --module apc_operations.tests.test_job_order_allocation_dashboard
2026-05-29 22:05:42,611 INFO /home/it/Project/APC_Operations/frappe-bench/env/bin/bench --site apc.local run-tests --module apc_operations.tests.test_job_order_allocation_dashboard
2026-05-29 22:05:52,230 INFO /home/it/Project/APC_Operations/frappe-bench/env/bin/bench --site apc.local run-tests --module apc_operations.tests.test_job_order_allocation_dashboard
2026-05-29 22:05:52,240 INFO /home/it/Project/APC_Operations/frappe-bench/env/bin/bench --site apc.local build --app apc_operations
2026-05-29 22:06:02,713 INFO /home/it/Project/APC_Operations/frappe-bench/env/bin/bench --site apc.local run-tests --module apc_operations.tests.test_job_order_allocation_dashboard
2026-05-29 22:06:20,060 INFO /home/it/Project/APC_Operations/frappe-bench/env/bin/bench --site apc.local run-tests --module apc_operations.tests.test_job_order_allocation_dashboard
2026-05-29 22:06:35,529 INFO /home/it/Project/APC_Operations/frappe-bench/env/bin/bench --site apc.local run-tests --module apc_operations.tests.test_job_order_allocation_dashboard
2026-05-29 22:07:15,650 INFO /home/it/Project/APC_Operations/frappe-bench/env/bin/bench --site apc.local execute apc_operations.tests.test_job_order_allocation_dashboard._debug_batch_state
2026-05-29 22:07:16,515 INFO /home/it/Project/APC_Operations/frappe-bench/env/bin/bench --site apc.local console
2026-05-29 22:07:24,499 INFO /home/it/Project/APC_Operations/frappe-bench/env/bin/bench --site apc.local console
2026-05-29 22:07:28,821 INFO /home/it/Project/APC_Operations/frappe-bench/env/bin/bench --site apc.local run-tests --module apc_operations.tests.test_job_order_allocation_dashboard.TestJobOrderAllocationDashboard.test_auto_fifo_and_save_allocation
2026-05-29 22:08:07,031 INFO /home/it/Project/APC_Operations/frappe-bench/env/bin/bench --site apc.local run-tests --module apc_operations.tests.test_job_order_allocation_dashboard
2026-05-29 22:08:13,731 INFO /home/it/Project/APC_Operations/frappe-bench/env/bin/bench --site apc.local clear-cache
2026-05-29 22:25:38,753 INFO /home/it/Project/APC_Operations/frappe-bench/env/bin/bench --site apc.local run-tests --module apc_operations.tests.test_job_order_allocation_dashboard
2026-05-29 22:25:42,769 INFO /home/it/Project/APC_Operations/frappe-bench/env/bin/bench --site apc.local build --app apc_operations
2026-05-29 22:25:47,591 INFO /home/it/Project/APC_Operations/frappe-bench/env/bin/bench --site apc.local clear-cache
2026-05-29 22:56:27,317 INFO /home/it/Project/APC_Operations/frappe-bench/env/bin/bench --site apc.local migrate
2026-05-29 22:56:42,759 INFO /home/it/Project/APC_Operations/frappe-bench/env/bin/bench --site apc.local run-tests --module apc_operations.tests.test_import_delivery_order_path
2026-05-29 22:56:55,937 INFO /home/it/Project/APC_Operations/frappe-bench/env/bin/bench --site apc.local run-tests --module apc_operations.tests.test_import_delivery_order_path
2026-05-29 22:57:05,049 INFO /home/it/Project/APC_Operations/frappe-bench/env/bin/bench --site apc.local run-tests --module apc_operations.tests.test_shipping_console_api
2026-05-29 22:59:57,830 INFO /home/it/Project/APC_Operations/frappe-bench/env/bin/bench --site apc.local run-tests --module apc_operations.tests.test_import_delivery_order_path
2026-05-29 23:00:05,994 INFO /home/it/Project/APC_Operations/frappe-bench/env/bin/bench --site apc.local run-tests --module apc_operations.tests.test_import_delivery_order_path
2026-05-29 23:10:01,000 INFO /home/it/Project/APC_Operations/frappe-bench/env/bin/bench --site apc.local migrate
2026-05-29 23:10:11,861 INFO /home/it/Project/APC_Operations/frappe-bench/env/bin/bench build --app apc_operations
2026-05-29 23:10:17,819 INFO /home/it/Project/APC_Operations/frappe-bench/env/bin/bench --site apc.local run-tests --module apc_operations.tests.test_zoho_import_receipt_sync --module apc_operations.tests.test_import_delivery_order_path
2026-05-29 23:10:27,099 INFO /home/it/Project/APC_Operations/frappe-bench/env/bin/bench --site apc.local run-tests --module apc_operations.tests.test_zoho_import_receipt_sync
2026-05-30 00:00:01,925 INFO /home/it/Project/APC_Operations/venv/bin/bench --verbose --site all backup
2026-05-30 00:14:52,425 INFO /home/it/Project/APC_Operations/frappe-bench/env/bin/bench --site apc.local run-tests --app apc_operations --module apc_operations.tests.test_qc_console_queues
2026-05-30 00:14:57,077 INFO /home/it/Project/APC_Operations/frappe-bench/env/bin/bench --site apc.local run-tests --app apc_operations --module apc_operations.tests.test_qc_dispatch_workflow
2026-05-30 00:15:10,813 INFO /home/it/Project/APC_Operations/frappe-bench/env/bin/bench --site apc.local run-tests --app apc_operations --module apc_operations.tests.test_qc_console_queues
2026-05-30 00:15:10,827 INFO /home/it/Project/APC_Operations/frappe-bench/env/bin/bench build --app apc_operations
2026-05-30 00:15:15,451 INFO /home/it/Project/APC_Operations/frappe-bench/env/bin/bench --site apc.local run-tests --app apc_operations --module apc_operations.tests.test_dispatch_lifecycle_service
2026-05-30 00:27:00,042 INFO /home/it/Project/APC_Operations/frappe-bench/env/bin/bench --site apc.local migrate
2026-05-30 00:27:15,082 INFO /home/it/Project/APC_Operations/frappe-bench/env/bin/bench --site apc.local run-tests --app apc_operations --module apc_operations.tests.test_import_grn_service
2026-05-30 00:27:15,644 INFO /home/it/Project/APC_Operations/frappe-bench/env/bin/bench build --app apc_operations
2026-05-30 00:27:16,914 INFO /home/it/Project/APC_Operations/frappe-bench/env/bin/bench --site apc.local run-tests --app apc_operations --module apc_operations.tests.test_qc_console_queues
2026-05-30 00:49:57,002 INFO /home/it/Project/APC_Operations/frappe-bench/env/bin/bench --site apc.local migrate
2026-05-30 00:50:08,480 INFO /home/it/Project/APC_Operations/frappe-bench/env/bin/bench --site apc.local execute apc_operations.shipping.services.import_grn_service.backfill_missing_import_grns
2026-05-30 00:50:24,063 INFO /home/it/Project/APC_Operations/frappe-bench/env/bin/bench --site apc.local console
2026-05-30 00:50:29,364 INFO /home/it/Project/APC_Operations/frappe-bench/env/bin/bench --site apc.local execute frappe.db.get_value('DocType', 'Import GRN Item', ['name','module','istable'], as_dict=1)
2026-05-30 00:50:50,868 INFO /home/it/Project/APC_Operations/frappe-bench/env/bin/bench --site apc.local migrate
2026-05-30 00:51:25,010 INFO /home/it/Project/APC_Operations/frappe-bench/env/bin/bench --site apc.local migrate
2026-05-30 00:51:38,385 INFO /home/it/Project/APC_Operations/frappe-bench/env/bin/bench --site apc.local execute apc_operations.shipping.services.import_grn_service.backfill_missing_import_grns
2026-05-30 00:51:44,855 INFO /home/it/Project/APC_Operations/frappe-bench/env/bin/bench build --app apc_operations
2026-05-30 00:51:47,704 INFO /home/it/Project/APC_Operations/frappe-bench/env/bin/bench --site apc.local run-tests --app apc_operations --module apc_operations.tests.test_import_grn_service
2026-05-30 00:57:12,036 INFO /home/it/Project/APC_Operations/frappe-bench/env/bin/bench --site apc.local migrate
2026-05-30 00:57:24,004 INFO /home/it/Project/APC_Operations/frappe-bench/env/bin/bench build --app apc_operations
2026-05-30 00:57:31,270 INFO /home/it/Project/APC_Operations/frappe-bench/env/bin/bench --site apc.local execute import frappe; print(frappe.db.exists('Print Format', 'Standard Import GRN')); print(frappe.db.get_value('DocType', 'Import GRN', 'default_print_format'))
2026-05-30 00:57:42,107 INFO /home/it/Project/APC_Operations/frappe-bench/env/bin/bench --site apc.local execute apc_operations.patches.v0_5.sync_standard_import_grn_print_format.execute
2026-05-30 01:07:56,971 INFO /home/it/Project/APC_Operations/frappe-bench/env/bin/bench --site apc.local migrate
2026-05-30 01:08:15,904 INFO /home/it/Project/APC_Operations/frappe-bench/env/bin/bench --site apc.local run-tests --app apc_operations --module apc_operations.tests.test_import_grn_receipt_summary
2026-05-30 01:08:15,921 INFO /home/it/Project/APC_Operations/frappe-bench/env/bin/bench --site apc.local run-tests --app apc_operations --module apc_operations.tests.test_transportation_api
2026-05-30 01:08:29,733 INFO /home/it/Project/APC_Operations/frappe-bench/env/bin/bench --site apc.local run-tests --app apc_operations --module apc_operations.tests.test_transportation_api
2026-05-30 01:48:05,534 INFO /home/it/Project/APC_Operations/frappe-bench/env/bin/bench --site apc.local console
2026-05-30 01:48:15,607 INFO /home/it/Project/APC_Operations/frappe-bench/env/bin/bench --site apc.local console
2026-05-30 02:05:03,173 INFO /home/it/Project/APC_Operations/frappe-bench/env/bin/bench --site apc.local console
2026-05-30 02:11:17,899 INFO /home/it/Project/APC_Operations/frappe-bench/env/bin/bench --site apc.local run-tests --app apc_operations --module apc_operations.tests.test_transportation_api
2026-05-30 02:11:19,166 INFO /home/it/Project/APC_Operations/frappe-bench/env/bin/bench --site apc.local console
2026-05-30 02:19:08,851 INFO /home/it/Project/APC_Operations/frappe-bench/env/bin/bench --site apc.local run-tests --app apc_operations --module apc_operations.tests.test_import_grn_receipt_summary
2026-05-30 09:17:42,984 INFO /home/it/Project/APC_Operations/frappe-bench/env/bin/bench start
2026-05-30 09:17:43,262 INFO /home/it/Project/APC_Operations/frappe-bench/env/bin/bench serve --port 8000
2026-05-30 09:17:43,271 INFO /home/it/Project/APC_Operations/frappe-bench/env/bin/bench schedule
2026-05-30 09:17:43,274 INFO /home/it/Project/APC_Operations/frappe-bench/env/bin/bench worker
2026-05-30 09:17:43,279 INFO /home/it/Project/APC_Operations/frappe-bench/env/bin/bench watch
2026-05-30 09:56:08,368 INFO /home/it/Project/APC_Operations/frappe-bench/env/bin/bench --site apc.local run-tests --app apc_operations --module apc_operations.tests.test_transportation_api
2026-05-30 09:56:32,544 INFO /home/it/Project/APC_Operations/frappe-bench/env/bin/bench --site apc.local build --app apc_operations
2026-05-30 10:23:58,319 INFO /home/it/Project/APC_Operations/frappe-bench/env/bin/bench --site apc.local migrate
2026-05-30 10:24:09,687 INFO /home/it/Project/APC_Operations/frappe-bench/env/bin/bench --site apc.local run-tests --app apc_operations --module apc_operations.tests.test_transportation_api
2026-05-30 10:24:45,860 INFO /home/it/Project/APC_Operations/frappe-bench/env/bin/bench --site apc.local run-tests --app apc_operations --module apc_operations.tests.test_transportation_api
2026-05-30 10:25:05,890 INFO /home/it/Project/APC_Operations/frappe-bench/env/bin/bench --site apc.local migrate
2026-05-30 10:25:15,365 INFO /home/it/Project/APC_Operations/frappe-bench/env/bin/bench --site apc.local build --app apc_operations
2026-05-30 10:26:51,505 INFO /home/it/Project/APC_Operations/frappe-bench/env/bin/bench start
2026-05-30 10:30:24,316 INFO /home/it/Project/APC_Operations/frappe-bench/env/bin/bench --site apc.local console
2026-05-30 10:30:49,458 INFO /home/it/Project/APC_Operations/frappe-bench/env/bin/bench --site apc.local console
2026-05-30 10:33:52,524 INFO /home/it/Project/APC_Operations/frappe-bench/env/bin/bench --site apc.local migrate
2026-05-30 10:34:02,292 INFO /home/it/Project/APC_Operations/frappe-bench/env/bin/bench --site apc.local run-tests --app apc_operations --module apc_operations.tests.test_transportation_api
2026-05-30 10:34:22,119 INFO /home/it/Project/APC_Operations/frappe-bench/env/bin/bench --site apc.local console
2026-05-30 10:35:02,647 INFO /home/it/Project/APC_Operations/frappe-bench/env/bin/bench --site apc.local run-tests --app apc_operations --module apc_operations.tests.test_transportation_api
2026-05-30 10:35:07,761 INFO /home/it/Project/APC_Operations/frappe-bench/env/bin/bench --site apc.local build --app apc_operations
2026-05-30 10:35:26,435 INFO /home/it/Project/APC_Operations/frappe-bench/env/bin/bench --site apc.local run-tests --app apc_operations --module apc_operations.tests.test_transportation_api
2026-05-30 10:41:57,670 INFO /home/it/Project/APC_Operations/frappe-bench/env/bin/bench --site apc.local console
2026-05-30 10:42:14,124 INFO /home/it/Project/APC_Operations/frappe-bench/env/bin/bench --site apc.local execute apc_operations.shipping.api.generate_followup_delivery_order_for_export --kwargs {'job_order': 'JO-2026-00326', 'transport_schedule': 'TRN-2026-00341'}
2026-05-30 10:45:12,986 INFO /home/it/Project/APC_Operations/frappe-bench/env/bin/bench --site apc.local run-tests --app apc_operations --module apc_operations.tests.test_transportation_api
2026-05-30 10:45:23,051 INFO /home/it/Project/APC_Operations/frappe-bench/env/bin/bench --site apc.local build --app apc_operations
2026-05-30 10:45:40,986 INFO /home/it/Project/APC_Operations/frappe-bench/env/bin/bench --site apc.local execute apc_operations.shipping.api.generate_followup_delivery_order_for_export --kwargs {'job_order': 'JO-2026-00326', 'transport_schedule': 'TRN-2026-00341'}
2026-05-30 10:45:59,093 INFO /home/it/Project/APC_Operations/frappe-bench/env/bin/bench --site apc.local console
2026-05-30 10:46:16,651 INFO /home/it/Project/APC_Operations/frappe-bench/env/bin/bench --site apc.local console
2026-05-30 10:46:33,157 INFO /home/it/Project/APC_Operations/frappe-bench/env/bin/bench --site apc.local build --app apc_operations
2026-05-30 11:04:35,580 INFO /home/it/Project/APC_Operations/frappe-bench/env/bin/bench --site apc.local console
2026-05-30 11:09:50,240 INFO /home/it/Project/APC_Operations/frappe-bench/env/bin/bench --site apc.local console
2026-05-30 11:10:34,254 INFO /home/it/Project/APC_Operations/frappe-bench/env/bin/bench --site apc.local run-tests --app apc_operations --module apc_operations.tests.test_security_console_api
2026-05-30 11:10:36,603 INFO /home/it/Project/APC_Operations/frappe-bench/env/bin/bench --site apc.local build --app apc_operations
2026-05-30 11:10:55,384 INFO /home/it/Project/APC_Operations/frappe-bench/env/bin/bench --site apc.local run-tests --app apc_operations --module apc_operations.tests.test_security_console_api
2026-05-30 11:35:01,066 INFO /home/it/Project/APC_Operations/frappe-bench/env/bin/bench --site apc.local mariadb -e SELECT name, account_name, bank, bank_account_no, iban, company, is_default, is_company_account, disabled FROM `tabBank Account` ORDER BY name;
2026-05-30 11:35:15,344 INFO /home/it/Project/APC_Operations/frappe-bench/env/bin/bench --site apc.local console
2026-05-30 11:35:30,582 INFO /home/it/Project/APC_Operations/frappe-bench/env/bin/bench --site apc.local console
2026-05-30 11:36:26,515 INFO /home/it/Project/APC_Operations/frappe-bench/env/bin/bench --site apc.local console
2026-05-30 11:36:40,479 INFO /home/it/Project/APC_Operations/frappe-bench/env/bin/bench --site apc.local console
2026-05-30 11:36:54,248 INFO /home/it/Project/APC_Operations/frappe-bench/env/bin/bench --site apc.local console
2026-05-30 11:46:11,236 INFO /home/it/Project/APC_Operations/frappe-bench/env/bin/bench --site apc.local migrate
2026-05-30 11:46:37,354 INFO /home/it/Project/APC_Operations/frappe-bench/env/bin/bench --site apc.local run-tests --module apc_operations.tests.test_delivery_order_print_service --module apc_operations.tests.test_loading_dn_print_service
2026-05-30 11:46:54,727 INFO /home/it/Project/APC_Operations/frappe-bench/env/bin/bench --site apc.local console
2026-05-30 11:47:09,741 INFO /home/it/Project/APC_Operations/frappe-bench/env/bin/bench --site apc.local execute apc_operations.shipping.services.loading_dn_print_service.get_print_context --args ["LDN-2026-00347"]
2026-05-30 12:00:02,164 INFO /home/it/Project/APC_Operations/venv/bin/bench --verbose --site all backup
2026-05-30 12:22:24,788 INFO /home/it/Project/APC_Operations/frappe-bench/env/bin/bench --site apc.local console
2026-05-30 12:22:39,990 INFO /home/it/Project/APC_Operations/frappe-bench/env/bin/bench --site apc.local execute apc_operations.shipping.doctype.job_order.test_job_order.test_export_requires_customer
2026-05-30 12:22:56,590 INFO /home/it/Project/APC_Operations/frappe-bench/env/bin/bench --site apc.local run-tests --doctype Job Order --test test_job_order_creation
2026-05-30 12:23:15,358 INFO /home/it/Project/APC_Operations/frappe-bench/env/bin/bench --site apc.local mariadb -e SHOW COLUMNS FROM `tabJob Order` LIKE '%bank%';
2026-05-30 12:23:30,425 INFO /home/it/Project/APC_Operations/frappe-bench/env/bin/bench --site apc.local mariadb -e SELECT name, creation, error FROM `tabError Log` ORDER BY creation DESC LIMIT 3\G
2026-05-30 12:23:44,531 INFO /home/it/Project/APC_Operations/frappe-bench/env/bin/bench --site apc.local mariadb -e SELECT name, creation, LEFT(error, 500) FROM `tabError Log` WHERE error LIKE '%Job Order%' OR error LIKE '%savedocs%' OR error LIKE '%bank%' ORDER BY creation DESC LIMIT 5;
2026-05-30 12:23:59,650 INFO /home/it/Project/APC_Operations/frappe-bench/env/bin/bench --site apc.local mariadb -e SELECT name, creation FROM `tabError Log` WHERE error LIKE '%savedocs%' ORDER BY creation DESC LIMIT 1;
2026-05-30 12:24:00,249 INFO /home/it/Project/APC_Operations/frappe-bench/env/bin/bench --site apc.local mariadb -e SELECT error FROM `tabError Log` WHERE error LIKE '%savedocs%' ORDER BY creation DESC LIMIT 1\G
2026-05-30 12:24:17,972 INFO /home/it/Project/APC_Operations/frappe-bench/env/bin/bench --site apc.local execute tmp_test_jo_save.main
2026-05-30 12:24:18,685 INFO /home/it/Project/APC_Operations/frappe-bench/env/bin/bench --site apc.local run-python /home/it/Project/APC_Operations/frappe-bench/tmp_test_jo_save.py
2026-05-30 12:34:11,011 INFO /home/it/Project/APC_Operations/frappe-bench/env/bin/bench --site apc.local mariadb -e SELECT fieldname, fieldtype, options FROM tabDocField WHERE parent='Job Order' AND fieldname LIKE '%bank%';
2026-05-30 12:34:33,348 INFO /home/it/Project/APC_Operations/frappe-bench/env/bin/bench --site apc.local mariadb -e SELECT name, error FROM `tabError Log` WHERE creation >= '2026-05-30' AND (error LIKE '%500%' OR error LIKE '%Job Order%' OR error LIKE '%savedocs%') ORDER BY creation DESC LIMIT 5;
2026-05-30 12:36:21,059 INFO /home/it/Project/APC_Operations/frappe-bench/env/bin/bench --site apc.local mariadb -e SELECT name, creation, SUBSTRING(error, 1, 200) FROM `tabError Log` ORDER BY creation DESC LIMIT 10;
2026-05-30 12:36:21,945 INFO /home/it/Project/APC_Operations/frappe-bench/env/bin/bench --site apc.local mariadb -e SELECT fieldname, fieldtype, options FROM `tabCustom Field` WHERE dt='Job Order' AND fieldname LIKE '%bank%';
2026-05-30 12:36:39,308 INFO /home/it/Project/APC_Operations/frappe-bench/env/bin/bench --site apc.local mariadb -e SELECT fieldname, fieldtype, options FROM tabDocField WHERE parent='Job Order' AND fieldname='bank'; SELECT * FROM `tabProperty Setter` WHERE doc_type='Job Order' AND field_name LIKE '%bank%';
2026-05-30 12:37:11,609 INFO /home/it/Project/APC_Operations/frappe-bench/env/bin/bench --site apc.local mariadb -e SELECT name, module, custom, app FROM tabDocType WHERE name='Bank Account';
2026-05-30 12:38:57,140 INFO /home/it/Project/APC_Operations/frappe-bench/env/bin/bench --site apc.local mariadb -e SELECT name, bank, bank_account FROM `tabJob Order` WHERE bank IS NOT NULL OR bank_account IS NOT NULL LIMIT 10;
2026-05-30 12:38:57,926 INFO /home/it/Project/APC_Operations/frappe-bench/env/bin/bench --site apc.local mariadb -e SELECT name FROM `tabBank Account` LIMIT 10;
2026-05-30 12:40:19,032 INFO /home/it/Project/APC_Operations/frappe-bench/env/bin/bench --site apc.local mariadb -e SELECT name, creation, LEFT(error, 800) FROM `tabError Log` WHERE error LIKE '%savedocs%' OR error LIKE '%Job Order%' ORDER BY creation DESC LIMIT 1\G
2026-05-30 12:41:18,366 INFO /home/it/Project/APC_Operations/frappe-bench/env/bin/bench --site apc.local mariadb -e SHOW COLUMNS FROM `tabJob Order Item` LIKE '%item%';
2026-05-30 12:42:55,462 INFO /home/it/Project/APC_Operations/frappe-bench/env/bin/bench --site apc.local migrate
2026-05-30 12:43:11,417 INFO /home/it/Project/APC_Operations/frappe-bench/env/bin/bench --site apc.local clear-cache
2026-05-30 12:49:41,704 INFO /home/it/Project/APC_Operations/frappe-bench/env/bin/bench --site apc.local build --app apc_operations
2026-05-30 13:18:00,811 INFO /home/it/Project/APC_Operations/frappe-bench/env/bin/bench --site apc.local console
2026-05-30 13:18:19,099 INFO /home/it/Project/APC_Operations/frappe-bench/env/bin/bench --site apc.local console
2026-05-30 13:18:35,640 INFO /home/it/Project/APC_Operations/frappe-bench/env/bin/bench --site apc.local console
2026-05-30 13:19:10,137 INFO /home/it/Project/APC_Operations/frappe-bench/env/bin/bench --site apc.local console
2026-05-30 13:22:24,284 INFO /home/it/Project/APC_Operations/frappe-bench/env/bin/bench --site apc.local console
2026-05-30 13:22:37,987 INFO /home/it/Project/APC_Operations/frappe-bench/env/bin/bench --site apc.local execute frappe.db.sql --args ["SELECT name, creation, method, LEFT(error, 500) as err FROM `tabError Log` ORDER BY creation DESC LIMIT 5", null, "as_dict"]
2026-05-30 13:23:18,897 INFO /home/it/Project/APC_Operations/frappe-bench/env/bin/bench --site apc.local mariadb -e SELECT name, creation, method, LEFT(error, 1200) AS err FROM `tabError Log` WHERE creation >= '2026-05-30' ORDER BY creation DESC LIMIT 3\G
2026-05-30 13:23:33,032 INFO /home/it/Project/APC_Operations/frappe-bench/env/bin/bench --site apc.local mariadb -e SELECT name, creation, LEFT(error, 1500) AS err FROM `tabError Log` WHERE error LIKE '%savedocs%' OR method LIKE '%save%' AND error LIKE '%Job Order%' ORDER BY creation DESC LIMIT 5\G
2026-05-30 13:23:33,592 INFO /home/it/Project/APC_Operations/frappe-bench/env/bin/bench --site apc.local mariadb -e SELECT name FROM tabCustomer WHERE customer_name LIKE '%Velencia%' LIMIT 3; SELECT name, item_name FROM tabItem WHERE item_code IN ('101','102') OR name IN ('101','102') LIMIT 5; SELECT name FROM `tabJob Order` WHERE job_order_number='APCE/999/2026';
2026-05-30 13:23:47,378 INFO /home/it/Project/APC_Operations/frappe-bench/env/bin/bench --site apc.local mariadb -e SHOW COLUMNS FROM `tabJob Order Item`;
2026-05-30 13:25:00,182 INFO /home/it/Project/APC_Operations/frappe-bench/env/bin/bench --site apc.local mariadb -e SELECT error FROM `tabError Log` WHERE name='9q11mpr4th'\G
2026-05-30 13:25:00,707 INFO /home/it/Project/APC_Operations/frappe-bench/env/bin/bench --site apc.local mariadb -e SELECT name, creation, LEFT(error, 2000) FROM `tabError Log` WHERE creation >= '2026-05-30 12:00:00' AND (error LIKE '%Job Order%' OR error LIKE '%savedocs%' OR error LIKE '%bank%') ORDER BY creation DESC LIMIT 5\G
2026-05-30 13:25:14,520 INFO /home/it/Project/APC_Operations/frappe-bench/env/bin/bench --site apc.local execute apc_operations.shipping.doctype.job_order.test_job_order.make_job_order --kwargs {"status":"Confirmed","job_order_number":"APCE/999/2026","customer":"Velencia Cosmetic Manufacturing LLC","terms_of_delivery":"FOB","mode_of_transport":"Sea"}
2026-05-30 13:25:14,910 INFO /home/it/Project/APC_Operations/frappe-bench/env/bin/bench --site apc.local mariadb -e SELECT name, creation, LEFT(error, 2500) FROM `tabError Log` ORDER BY creation DESC LIMIT 1\G
2026-05-30 13:25:52,201 INFO /home/it/Project/APC_Operations/frappe-bench/env/bin/bench --site apc.local execute tmp_repro_jo.run
2026-05-30 13:26:09,370 INFO /home/it/Project/APC_Operations/frappe-bench/env/bin/bench --site apc.local console
2026-05-30 13:28:00,012 INFO /home/it/Project/APC_Operations/frappe-bench/env/bin/bench --site apc.local console
2026-05-30 13:28:19,299 INFO /home/it/Project/APC_Operations/frappe-bench/env/bin/bench --site apc.local mariadb -e SHOW COLUMNS FROM `tabJob Order` LIKE '%bank%'; SELECT require_sales_demand_on_job_order FROM `tabAPC Operations Settings`; SELECT uom FROM tabUOM LIMIT 5;
2026-05-30 13:28:41,210 INFO /home/it/Project/APC_Operations/frappe-bench/env/bin/bench --site apc.local console
2026-05-30 13:29:05,519 INFO /home/it/Project/APC_Operations/frappe-bench/env/bin/bench --site apc.local console
2026-05-30 13:29:21,208 INFO /home/it/Project/APC_Operations/frappe-bench/env/bin/bench --site apc.local mariadb -e SELECT name, creation, LEFT(error, 3000) FROM `tabError Log` WHERE error LIKE '%Job Order%' AND error LIKE '%savedocs%' ORDER BY creation DESC LIMIT 3\G
2026-05-30 13:29:39,136 INFO /home/it/Project/APC_Operations/frappe-bench/env/bin/bench --site apc.local mariadb -e SELECT name, creation, LEFT(error, 1500) FROM `tabError Log` WHERE creation >= '2026-05-30 00:00:00' AND (error LIKE '%bank%' OR error LIKE '%Unknown column%') ORDER BY creation DESC LIMIT 5\G
2026-05-30 13:29:53,250 INFO /home/it/Project/APC_Operations/frappe-bench/env/bin/bench --site apc.local mariadb -e SELECT patch FROM `tabPatch Log` WHERE patch LIKE '%bank%' OR patch LIKE '%item_name%' ORDER BY patch;
2026-05-30 13:30:12,946 INFO /home/it/Project/APC_Operations/frappe-bench/env/bin/bench --site apc.local console
2026-05-30 13:30:27,029 INFO /home/it/Project/APC_Operations/frappe-bench/env/bin/bench --site apc.local console
2026-05-30 13:30:44,204 INFO /home/it/Project/APC_Operations/frappe-bench/env/bin/bench --site apc.local migrate --skip-failing
2026-05-30 13:38:25,127 INFO /home/it/Project/APC_Operations/frappe-bench/env/bin/bench start
2026-05-30 13:38:25,437 INFO /home/it/Project/APC_Operations/frappe-bench/env/bin/bench serve --port 8000
2026-05-30 13:38:25,440 INFO /home/it/Project/APC_Operations/frappe-bench/env/bin/bench worker
2026-05-30 13:38:25,444 INFO /home/it/Project/APC_Operations/frappe-bench/env/bin/bench watch
2026-05-30 13:38:25,445 INFO /home/it/Project/APC_Operations/frappe-bench/env/bin/bench schedule
2026-05-30 14:02:20,361 INFO /home/it/Project/APC_Operations/frappe-bench/env/bin/bench --site apc.local mariadb -e 
SELECT jo.job_order_number, jo.name, jo.sales_demand, jo.status,
       joi.item, joi.item_name, joi.sales_demand_item, joi.grade, joi.quantity
FROM `tabJob Order` jo
JOIN `tabJob Order Item` joi ON joi.parent = jo.name
WHERE joi.item = '102' OR joi.item_name LIKE '%Butyl%'
ORDER BY jo.modified DESC
LIMIT 10;

2026-05-30 14:02:33,869 INFO /home/it/Project/APC_Operations/frappe-bench/env/bin/bench --site apc.local mariadb -e 
SELECT name, item, item_name, grade, demand_quantity, allocated_quantity
FROM `tabAPC Sales Demand Item`
WHERE parent = 'DEMAND-2026-00361';

2026-05-30 14:02:48,049 INFO /home/it/Project/APC_Operations/frappe-bench/env/bin/bench --site apc.local mariadb -e 
SELECT name, batch_number, product, available_quantity, quality_status, batch_status, stock_status, linked_coa, manufacturing_date
FROM `tabAPC Batch`
WHERE product = '102' AND docstatus < 2
ORDER BY manufacturing_date ASC
LIMIT 10;

2026-05-30 14:03:09,454 INFO /home/it/Project/APC_Operations/frappe-bench/env/bin/bench --site apc.local mariadb -e 
SELECT name, approval_status, status FROM `tabAPC COA` WHERE name = 'COA-BUTAC';

2026-05-30 14:08:54,045 INFO /home/it/Project/APC_Operations/frappe-bench/env/bin/bench --site apc.local mariadb -e 
SELECT name, job_order, quantity, planned_quantity, material_description, delivery_note_status, qc_status
FROM `tabLoading Delivery Note` WHERE name = 'LDN-2026-00360';
SELECT name, quantity, material_description FROM `tabSecurity Inspection` WHERE name = 'SEC-INS-2026-00358';
SELECT COUNT(*) AS batch_rows FROM `tabLoading DN Batch` WHERE parent = 'LDN-2026-00360';
SELECT a.name, a.sales_demand, d.item, d.batch, d.allocated_quantity, d.status
FROM `tabAPC Batch Allocation` a
JOIN `tabAPC Batch Allocation Detail` d ON d.parent = a.name
WHERE a.sales_demand = 'DEMAND-2026-00361';

2026-05-30 14:09:11,740 INFO /home/it/Project/APC_Operations/frappe-bench/env/bin/bench --site apc.local mariadb -e 
SELECT name, product, available_quantity, allocated_quantity, batch_quantity FROM `tabAPC Batch` WHERE name IN ('BATCH-BUTAC','BATCH-2026-00081');
SELECT name, creation, LEFT(error, 800) FROM `tabError Log` WHERE error LIKE '%LDN-2026-00360%' OR method LIKE '%Loading DN FIFO%' ORDER BY creation DESC LIMIT 3\G
SELECT item, quantity, idx FROM `tabJob Order Item` WHERE parent = 'JO-2026-00352' ORDER BY idx;

2026-05-30 14:09:25,872 INFO /home/it/Project/APC_Operations/frappe-bench/env/bin/bench --site apc.local mariadb -e 
SELECT name, creation, LEFT(error, 1200) FROM `tabError Log` WHERE creation >= '2026-05-30' AND (error LIKE '%00360%' OR error LIKE '%Loading DN FIFO%') ORDER BY creation DESC LIMIT 2\G

2026-05-30 14:15:52,598 INFO /home/it/Project/APC_Operations/frappe-bench/env/bin/bench --site apc.local run-tests --module apc_operations.tests.test_job_order_allocation_dashboard --test test_sync_loading_dn_from_job_order_allocations
2026-05-30 14:16:08,871 INFO /home/it/Project/APC_Operations/frappe-bench/env/bin/bench --site apc.local execute apc_operations.services.batch_allocation.sync_loading_dn_from_job_order_allocations --kwargs {"loading_dn_name": "LDN-2026-00360", "force": true}
2026-05-30 14:16:23,157 INFO /home/it/Project/APC_Operations/frappe-bench/env/bin/bench --site apc.local execute apc_operations.services.batch_allocation.sync_loading_dn_from_job_order_allocations --kwargs {"loading_dn_name": "LDN-2026-00360", "force": True}
2026-05-30 14:44:05,793 INFO /home/it/Project/APC_Operations/frappe-bench/env/bin/bench --site apc.local run-tests --app apc_operations --module apc_operations.tests.test_console_queue_service
2026-05-30 14:44:21,901 INFO /home/it/Project/APC_Operations/frappe-bench/env/bin/bench --site apc.local run-tests --app apc_operations --module apc_operations.tests.test_delivery_order_console --module apc_operations.tests.test_consoles --module apc_operations.tests.test_qc_console_queues
2026-05-30 14:44:37,058 INFO /home/it/Project/APC_Operations/frappe-bench/env/bin/bench --site apc.local run-tests --app apc_operations --doctype Job Order
2026-05-30 14:44:56,512 INFO /home/it/Project/APC_Operations/frappe-bench/env/bin/bench --site apc.local run-tests --app apc_operations --module apc_operations.tests.test_delivery_order_console
2026-05-30 14:45:01,472 INFO /home/it/Project/APC_Operations/frappe-bench/env/bin/bench --site apc.local build --app apc_operations
2026-05-30 14:55:05,809 INFO /home/it/Project/APC_Operations/frappe-bench/env/bin/bench --site apc.local build --app apc_operations
2026-05-30 14:55:07,687 INFO /home/it/Project/APC_Operations/frappe-bench/env/bin/bench --site apc.local clear-cache
2026-05-30 14:58:21,799 INFO /home/it/Project/APC_Operations/frappe-bench/env/bin/bench start
2026-05-30 14:58:22,060 INFO /home/it/Project/APC_Operations/frappe-bench/env/bin/bench watch
2026-05-30 14:58:22,062 INFO /home/it/Project/APC_Operations/frappe-bench/env/bin/bench worker
2026-05-30 14:58:22,073 INFO /home/it/Project/APC_Operations/frappe-bench/env/bin/bench serve --port 8000
2026-05-30 14:58:22,073 INFO /home/it/Project/APC_Operations/frappe-bench/env/bin/bench schedule
2026-05-30 15:04:00,383 INFO /home/it/Project/APC_Operations/frappe-bench/env/bin/bench --site apc.local clear-cache
2026-05-30 15:04:01,082 INFO /home/it/Project/APC_Operations/frappe-bench/env/bin/bench --site apc.local build --app apc_operations
2026-05-30 15:16:35,031 INFO /home/it/Project/APC_Operations/frappe-bench/env/bin/bench --site apc.local run-tests --app apc_operations --module apc_operations.tests.test_console_queue_service
2026-05-30 15:16:36,859 INFO /home/it/Project/APC_Operations/frappe-bench/env/bin/bench --site apc.local run-tests --app apc_operations --module apc_operations.tests.test_daily_work_summary_service
2026-05-30 15:16:41,532 INFO /home/it/Project/APC_Operations/frappe-bench/env/bin/bench --site apc.local run-tests --app apc_operations --module apc_operations.tests.test_delivery_order_console
2026-05-30 15:17:00,783 INFO /home/it/Project/APC_Operations/frappe-bench/env/bin/bench --site apc.local build --app apc_operations
2026-05-30 15:17:02,683 INFO /home/it/Project/APC_Operations/frappe-bench/env/bin/bench --site apc.local clear-cache
2026-05-30 15:20:55,820 INFO /home/it/Project/APC_Operations/frappe-bench/env/bin/bench --site apc.local build --app apc_operations
2026-05-30 15:20:57,835 INFO /home/it/Project/APC_Operations/frappe-bench/env/bin/bench --site apc.local clear-cache
2026-05-30 15:57:51,935 INFO /home/it/Project/APC_Operations/frappe-bench/env/bin/bench --site apc.local migrate
2026-05-30 15:58:03,258 INFO /home/it/Project/APC_Operations/frappe-bench/env/bin/bench --site apc.local run-tests --app apc_operations --module apc_operations.tests.test_daily_work_summary_service
2026-05-30 15:58:16,170 INFO /home/it/Project/APC_Operations/frappe-bench/env/bin/bench --site apc.local build --app apc_operations
2026-05-30 15:58:18,531 INFO /home/it/Project/APC_Operations/frappe-bench/env/bin/bench --site apc.local clear-cache
2026-05-30 16:24:20,619 INFO /home/it/Project/APC_Operations/frappe-bench/env/bin/bench --site apc.local migrate
2026-05-30 16:24:31,772 INFO /home/it/Project/APC_Operations/frappe-bench/env/bin/bench --site apc.local run-tests --app apc_operations --module apc_operations.tests.test_unbooked_transport_reminders
2026-05-30 16:24:34,188 INFO /home/it/Project/APC_Operations/frappe-bench/env/bin/bench --site apc.local clear-cache
2026-05-30 16:27:17,699 INFO /home/it/Project/APC_Operations/frappe-bench/env/bin/bench --site apc.local run-tests --app apc_operations --module apc_operations.tests.test_unbooked_transport_reminders
2026-05-31 15:30:03,950 INFO /home/it/Project/APC_Operations/frappe-bench/env/bin/bench start
2026-05-31 15:30:04,422 INFO /home/it/Project/APC_Operations/frappe-bench/env/bin/bench serve --port 8000
2026-05-31 15:30:04,424 INFO /home/it/Project/APC_Operations/frappe-bench/env/bin/bench watch
2026-05-31 15:30:04,426 INFO /home/it/Project/APC_Operations/frappe-bench/env/bin/bench schedule
2026-05-31 15:30:04,427 INFO /home/it/Project/APC_Operations/frappe-bench/env/bin/bench worker
2026-05-31 15:59:59,766 INFO /home/it/Project/APC_Operations/frappe-bench/env/bin/bench --site apc.local run-tests --module apc_operations.tests.test_transportation_api --test test_inward_land_detail_exposes_delivery_order_fields_for_road_import
2026-05-31 16:00:08,672 INFO /home/it/Project/APC_Operations/frappe-bench/env/bin/bench --site apc.local build --app apc_operations
2026-05-31 16:04:47,473 INFO /home/it/Project/APC_Operations/frappe-bench/env/bin/bench --site apc.local build --app apc_operations
2026-05-31 18:00:01,976 INFO /home/it/Project/APC_Operations/venv/bin/bench --verbose --site all backup
2026-06-01 00:00:01,690 INFO /home/it/Project/APC_Operations/venv/bin/bench --verbose --site all backup
2026-06-01 09:44:52,660 INFO /home/it/Project/APC_Operations/frappe-bench/env/bin/bench start
2026-06-01 09:44:52,925 INFO /home/it/Project/APC_Operations/frappe-bench/env/bin/bench serve --port 8000
2026-06-01 09:44:52,927 INFO /home/it/Project/APC_Operations/frappe-bench/env/bin/bench schedule
2026-06-01 09:44:52,934 INFO /home/it/Project/APC_Operations/frappe-bench/env/bin/bench worker
2026-06-01 09:44:52,939 INFO /home/it/Project/APC_Operations/frappe-bench/env/bin/bench watch
2026-06-01 12:00:01,769 INFO /home/it/Project/APC_Operations/venv/bin/bench --verbose --site all backup
2026-06-01 14:06:56,871 INFO /home/it/Project/APC_Operations/frappe-bench/env/bin/bench start
2026-06-01 14:06:57,128 INFO /home/it/Project/APC_Operations/frappe-bench/env/bin/bench serve --port 8000
2026-06-01 14:06:57,138 INFO /home/it/Project/APC_Operations/frappe-bench/env/bin/bench watch
2026-06-01 14:06:57,144 INFO /home/it/Project/APC_Operations/frappe-bench/env/bin/bench schedule
2026-06-01 14:06:57,149 INFO /home/it/Project/APC_Operations/frappe-bench/env/bin/bench worker
2026-06-01 15:27:14,811 INFO /home/it/Project/APC_Operations/frappe-bench/env/bin/bench --site apc.local console
2026-06-01 15:27:42,870 INFO /home/it/Project/APC_Operations/frappe-bench/env/bin/bench --site apc.local clear-cache
2026-06-01 16:18:04,896 INFO /home/it/Project/APC_Operations/frappe-bench/env/bin/bench --site apc.local migrate
2026-06-01 16:18:48,903 INFO /home/it/Project/APC_Operations/frappe-bench/env/bin/bench --site apc.local migrate
2026-06-01 16:26:18,222 INFO /home/it/Project/APC_Operations/frappe-bench/env/bin/bench --site apc.local clear-cache
2026-06-01 16:26:18,222 INFO /home/it/Project/APC_Operations/frappe-bench/env/bin/bench --site apc.local execute apc_operations.shipping.services.logistics_cost_service.get_logistics_cost_summary --args ["JO-2026-00001"]
2026-06-01 16:26:19,397 INFO /home/it/Project/APC_Operations/frappe-bench/env/bin/bench build --app apc_operations
2026-06-01 16:26:49,368 INFO /home/it/Project/APC_Operations/frappe-bench/env/bin/bench --site apc.local run-tests --module apc_operations.tests.test_logistics_cost_service
2026-06-01 16:27:22,934 INFO /home/it/Project/APC_Operations/frappe-bench/env/bin/bench --site apc.local run-tests --module apc_operations.tests.test_logistics_cost_service
2026-06-01 16:32:06,864 INFO /home/it/Project/APC_Operations/frappe-bench/env/bin/bench --site apc.local migrate
2026-06-01 16:32:31,273 INFO /home/it/Project/APC_Operations/frappe-bench/env/bin/bench --site apc.local mariadb -e SHOW COLUMNS FROM `tabJob Order` LIKE 'logistics_cost_html';
2026-06-01 16:33:46,993 INFO /home/it/Project/APC_Operations/frappe-bench/env/bin/bench --site apc.local execute apc_operations.shipping.doctype.job_order.job_order.refresh_logistics_cost_summary_api --kwargs {"job_order": "JO-2026-00371"}
2026-06-01 16:33:46,999 INFO /home/it/Project/APC_Operations/frappe-bench/env/bin/bench build --app apc_operations
2026-06-01 16:36:13,346 INFO /home/it/Project/APC_Operations/frappe-bench/env/bin/bench --site apc.local execute apc_operations.patches.v0_6.sync_logistics_print_formats.execute
2026-06-01 16:36:46,853 INFO /home/it/Project/APC_Operations/frappe-bench/env/bin/bench --site apc.local console
2026-06-01 16:39:06,860 INFO /home/it/Project/APC_Operations/frappe-bench/env/bin/bench --site apc.local console
2026-06-01 16:39:56,441 INFO /home/it/Project/APC_Operations/frappe-bench/env/bin/bench --site apc.local console
2026-06-01 16:45:32,666 INFO /home/it/Project/APC_Operations/frappe-bench/env/bin/bench --site apc.local console
2026-06-01 16:45:48,988 INFO /home/it/Project/APC_Operations/frappe-bench/env/bin/bench --site apc.local mariadb -e SELECT name, item, packaging, packaging_type FROM `tabJob Order Item` WHERE parent='JO-2026-00371';
2026-06-01 16:46:08,916 INFO /home/it/Project/APC_Operations/frappe-bench/env/bin/bench --site apc.local console
2026-06-01 17:20:32,840 INFO /home/it/Project/APC_Operations/frappe-bench/env/bin/bench --site apc.local console
2026-06-02 08:44:51,340 INFO /home/it/Project/APC_Operations/frappe-bench/env/bin/bench start
2026-06-02 08:44:51,660 INFO /home/it/Project/APC_Operations/frappe-bench/env/bin/bench serve --port 8000
2026-06-02 08:44:51,677 INFO /home/it/Project/APC_Operations/frappe-bench/env/bin/bench watch
2026-06-02 08:44:51,677 INFO /home/it/Project/APC_Operations/frappe-bench/env/bin/bench schedule
2026-06-02 08:44:51,685 INFO /home/it/Project/APC_Operations/frappe-bench/env/bin/bench worker
2026-06-02 09:54:43,273 INFO /home/it/Project/APC_Operations/frappe-bench/env/bin/bench --site apc.local migrate
2026-06-02 09:55:08,790 INFO /home/it/Project/APC_Operations/frappe-bench/env/bin/bench --site apc.local run-tests --app apc_operations --module apc_operations.tests.test_logistics_cost_and_do_container
2026-06-02 09:55:42,129 INFO /home/it/Project/APC_Operations/frappe-bench/env/bin/bench --site apc.local run-tests --app apc_operations --module apc_operations.tests.test_logistics_cost_and_do_container
2026-06-02 10:02:02,406 INFO /home/it/Project/APC_Operations/frappe-bench/env/bin/bench --site apc.local build --app apc_operations
2026-06-02 10:20:57,320 INFO /home/it/Project/APC_Operations/frappe-bench/env/bin/bench apc.local console
2026-06-02 10:21:06,363 INFO /home/it/Project/APC_Operations/frappe-bench/env/bin/bench --site apc.local console
2026-06-02 13:54:02,853 INFO /home/it/Project/APC_Operations/frappe-bench/env/bin/bench start
2026-06-02 13:54:03,342 INFO /home/it/Project/APC_Operations/frappe-bench/env/bin/bench worker
2026-06-02 13:54:03,344 INFO /home/it/Project/APC_Operations/frappe-bench/env/bin/bench watch
2026-06-02 13:54:03,345 INFO /home/it/Project/APC_Operations/frappe-bench/env/bin/bench serve --port 8000
2026-06-02 13:54:03,356 INFO /home/it/Project/APC_Operations/frappe-bench/env/bin/bench schedule
2026-06-02 14:50:34,372 INFO /home/it/Project/APC_Operations/frappe-bench/env/bin/bench --site apc.local run-tests --app apc_operations --module apc_operations.tests.test_customer_link_service
2026-06-02 14:50:38,864 INFO /home/it/Project/APC_Operations/frappe-bench/env/bin/bench --site apc.local migrate
2026-06-02 14:50:39,743 INFO /home/it/Project/APC_Operations/frappe-bench/env/bin/bench --site apc.local clear-cache
2026-06-02 14:50:40,954 INFO /home/it/Project/APC_Operations/frappe-bench/env/bin/bench build --app apc_operations
2026-06-02 14:51:06,162 INFO /home/it/Project/APC_Operations/frappe-bench/env/bin/bench --site apc.local console
2026-06-02 14:51:22,036 INFO /home/it/Project/APC_Operations/frappe-bench/env/bin/bench --site apc.local execute import frappe; from apc_operations.services.customer_link_service import resolve_transport_schedule_customer; print('TRN', frappe.db.get_value('Transport Schedule', 'TRN-2026-00375', 'customer'), resolve_transport_schedule_customer('TRN-2026-00375')); print('SDDN', frappe.db.get_value('Security Draft Delivery Note', 'SDDN-2026-00377', 'customer'))
2026-06-02 14:56:01,044 INFO /home/it/Project/APC_Operations/frappe-bench/env/bin/bench --site apc.local run-tests --app apc_operations --module apc_operations.tests.test_customer_link_service
2026-06-02 14:56:11,885 INFO /home/it/Project/APC_Operations/frappe-bench/env/bin/bench --site apc.local execute apc_operations.services.customer_link_service.fix_sddn_and_transport_customers
2026-06-02 14:56:19,206 INFO /home/it/Project/APC_Operations/frappe-bench/env/bin/bench --site apc.local clear-cache
2026-06-02 16:33:30,253 INFO /home/it/Project/APC_Operations/frappe-bench/env/bin/bench start
2026-06-02 16:33:30,711 INFO /home/it/Project/APC_Operations/frappe-bench/env/bin/bench serve --port 8000
2026-06-02 16:33:30,711 INFO /home/it/Project/APC_Operations/frappe-bench/env/bin/bench watch
2026-06-02 16:33:30,719 INFO /home/it/Project/APC_Operations/frappe-bench/env/bin/bench schedule
2026-06-02 16:33:30,726 INFO /home/it/Project/APC_Operations/frappe-bench/env/bin/bench worker
2026-06-03 09:39:46,348 INFO /home/it/Project/APC_Operations/frappe-bench/env/bin/bench --site apc.local migrate
2026-06-03 09:40:09,756 INFO /home/it/Project/APC_Operations/frappe-bench/env/bin/bench --site apc.local migrate
2026-06-03 09:41:37,162 INFO /home/it/Project/APC_Operations/frappe-bench/env/bin/bench start
2026-06-03 09:41:37,444 INFO /home/it/Project/APC_Operations/frappe-bench/env/bin/bench watch
2026-06-03 09:41:37,462 INFO /home/it/Project/APC_Operations/frappe-bench/env/bin/bench serve --port 8000
2026-06-03 09:41:37,462 INFO /home/it/Project/APC_Operations/frappe-bench/env/bin/bench schedule
2026-06-03 09:41:37,467 INFO /home/it/Project/APC_Operations/frappe-bench/env/bin/bench worker
2026-06-03 09:56:46,343 INFO /home/it/Project/APC_Operations/frappe-bench/env/bin/bench --site apc.local migrate
2026-06-03 09:57:15,052 INFO /home/it/Project/APC_Operations/frappe-bench/env/bin/bench --site apc.local console
2026-06-03 09:57:24,297 INFO /home/it/Project/APC_Operations/frappe-bench/env/bin/bench --site apc.local execute frappe.db.has_column --args ["Loading Entry", "units_loaded"]
2026-06-03 09:57:25,115 INFO /home/it/Project/APC_Operations/frappe-bench/env/bin/bench --site apc.local mariadb -e SHOW COLUMNS FROM `tabLoading Entry` LIKE 'units_loaded';
2026-06-03 09:57:31,275 INFO /home/it/Project/APC_Operations/frappe-bench/env/bin/bench --site apc.local execute apc_operations.services.consoles.get_loading_bay_queue
2026-06-03 09:57:31,621 INFO /home/it/Project/APC_Operations/frappe-bench/env/bin/bench --site apc.local run-tests --doctype Security Inspection
2026-06-03 09:57:42,025 INFO /home/it/Project/APC_Operations/frappe-bench/env/bin/bench --site apc.local execute apc_operations.services.consoles.get_loading_bay_queue
2026-06-03 09:57:49,013 INFO /home/it/Project/APC_Operations/frappe-bench/env/bin/bench --site apc.local execute apc_operations.services.consoles.get_loading_bay_queue
2026-06-03 09:57:55,657 INFO /home/it/Project/APC_Operations/frappe-bench/env/bin/bench --site apc.local execute apc_operations.shipping.services.packing_calculation_service.loaded_packaging_qty_from_loading_entries --args ["SEC-INS-2026-00001"]
2026-06-03 10:31:13,983 INFO /home/it/Project/APC_Operations/frappe-bench/env/bin/bench --site apc.local migrate
2026-06-03 11:32:03,601 INFO /home/it/Project/APC_Operations/frappe-bench/env/bin/bench --site apc.local migrate
2026-06-03 11:32:21,232 INFO /home/it/Project/APC_Operations/frappe-bench/env/bin/bench --site apc.local execute apc_operations.shipping.services.packing_matrix_import_service.import_packing_matrix_from_csv
2026-06-03 11:32:29,560 INFO /home/it/Project/APC_Operations/frappe-bench/env/bin/bench --site apc.local console
2026-06-03 11:32:55,967 INFO /home/it/Project/APC_Operations/frappe-bench/env/bin/bench --site apc.local reload-doc APC Packaging Tare
2026-06-03 11:33:05,616 INFO /home/it/Project/APC_Operations/frappe-bench/env/bin/bench --site apc.local migrate
2026-06-03 11:33:24,677 INFO /home/it/Project/APC_Operations/frappe-bench/env/bin/bench --site apc.local console
2026-06-03 11:33:48,728 INFO /home/it/Project/APC_Operations/frappe-bench/env/bin/bench --site apc.local mariadb -e SHOW TABLES LIKE '%Packing%'; SELECT name FROM tabDocType WHERE name LIKE '%Packing%';
2026-06-03 11:34:00,487 INFO /home/it/Project/APC_Operations/frappe-bench/env/bin/bench --site apc.local console
2026-06-03 11:34:29,755 INFO /home/it/Project/APC_Operations/frappe-bench/env/bin/bench --site apc.local console
2026-06-03 11:35:04,204 INFO /home/it/Project/APC_Operations/frappe-bench/env/bin/bench --site apc.local console
2026-06-03 11:35:12,744 INFO /home/it/Project/APC_Operations/frappe-bench/env/bin/bench --site apc.local execute apc_operations.shipping.services.packing_matrix_import_service.import_packing_matrix_from_csv
2026-06-03 11:35:22,307 INFO /home/it/Project/APC_Operations/frappe-bench/env/bin/bench --site apc.local clear-cache
2026-06-03 12:00:01,243 INFO /home/it/Project/APC_Operations/venv/bin/bench --verbose --site all backup
2026-06-03 12:20:58,406 INFO /home/it/Project/APC_Operations/frappe-bench/env/bin/bench --site apc.local execute apc_operations.shipping.services.packing_matrix_import_service.replace_packing_matrix_from_csv
2026-06-03 12:21:09,473 INFO /home/it/Project/APC_Operations/frappe-bench/env/bin/bench --site apc.local console
2026-06-03 12:22:32,101 INFO /home/it/Project/APC_Operations/frappe-bench/env/bin/bench --site apc.local execute apc_operations.shipping.services.packing_matrix_import_service.replace_packing_matrix_from_csv
2026-06-03 14:35:32,108 INFO /home/it/Project/APC_Operations/frappe-bench/env/bin/bench start
2026-06-03 14:35:33,143 INFO /home/it/Project/APC_Operations/frappe-bench/env/bin/bench schedule
2026-06-03 14:35:33,156 INFO /home/it/Project/APC_Operations/frappe-bench/env/bin/bench serve --port 8000
2026-06-03 14:35:33,159 INFO /home/it/Project/APC_Operations/frappe-bench/env/bin/bench worker
2026-06-03 14:35:33,173 INFO /home/it/Project/APC_Operations/frappe-bench/env/bin/bench watch
2026-06-03 15:19:23,598 INFO /home/it/Project/APC_Operations/frappe-bench/env/bin/bench --site apc.local run-tests --app apc_operations
2026-06-03 15:19:32,894 INFO /home/it/Project/APC_Operations/frappe-bench/env/bin/bench --site apc.local migrate
2026-06-03 15:19:49,853 INFO /home/it/Project/APC_Operations/frappe-bench/env/bin/bench --site apc.local run-tests --app apc_operations
2026-06-03 15:20:51,558 INFO /home/it/Project/APC_Operations/frappe-bench/env/bin/bench --site apc.local list-apps
2026-06-03 15:22:09,871 INFO /home/it/Project/APC_Operations/frappe-bench/env/bin/bench --site apc.local execute scratch_debug.py
2026-06-03 15:24:49,580 INFO /home/it/Project/APC_Operations/frappe-bench/env/bin/bench --site apc.local migrate
2026-06-03 15:26:22,192 INFO /home/it/Project/APC_Operations/frappe-bench/env/bin/bench --site apc.local migrate
2026-06-03 15:26:35,577 INFO /home/it/Project/APC_Operations/frappe-bench/env/bin/bench --site apc.local run-tests --app apc_operations
2026-06-04 00:00:03,527 INFO /home/it/Project/APC_Operations/venv/bin/bench --verbose --site all backup
2026-06-04 12:00:02,002 INFO /home/it/Project/APC_Operations/venv/bin/bench --verbose --site all backup
